date,year,mo,da,temp,dewp,slp,visib,wdsp,mxpsd,gust,max,min,prcp,sndp,fog
2014-01-01,2014,01,01,48.3,44.4,9999.9,5.9,15.1,22.0,35.9,52.0,42.1,0.21,999.9,0
2014-01-02,2014,01,02,48.2,43.0,9999.9,6.0,10.8,17.1,27.0,52.0,43.3,0.54,999.9,0
2014-01-03,2014,01,03,48.1,41.4,9999.9,5.6,15.7,27.0,36.9,51.8,42.6,0.1,999.9,0
2014-01-04,2014,01,04,45.6,41.7,9999.9,6.2,11.2,19.0,21.0,49.1,37.4,0.3,999.9,0
2014-01-05,2014,01,05,42.5,39.9,9999.9,6.8,9.6,19.0,999.9,54.3,33.3,0.39,999.9,0
2014-01-06,2014,01,06,52.3,46.3,9999.9,5.8,16.3,27.0,33.0,55.4,47.1,0.35,999.9,0
2014-01-07,2014,01,07,51.0,44.7,9999.9,6.4,13.8,21.0,29.9,53.6,46.4,0.4,999.9,0
2014-01-08,2014,01,08,49.1,45.0,9999.9,6.8,8.9,13.0,20.0,53.6,44.1,0.21,999.9,0
2014-01-09,2014,01,09,48.0,41.6,9999.9,6.0,13.3,22.0,32.1,53.6,40.8,0.14,999.9,0
2014-01-10,2014,01,10,43.5,39.9,9999.9,7.0,7.4,13.0,17.1,51.6,36.1,0.0,999.9,0
2014-01-11,2014,01,11,44.0,38.8,9999.9,6.2,6.6,13.0,999.9,48.6,32.0,0.07,999.9,0
2014-01-12,2014,01,12,38.6,36.8,9999.9,4.4,6.6,17.1,999.9,50.0,28.4,0.0,999.9,1
2014-01-13,2014,01,13,44.4,40.7,9999.9,6.5,8.9,18.1,999.9,49.5,41.0,0.09,999.9,0
2014-01-14,2014,01,14,40.1,35.7,9999.9,7.8,6.9,11.1,999.9,45.0,33.4,0.2,999.9,0
2014-01-15,2014,01,15,49.2,46.8,9999.9,5.9,9.4,14.0,999.9,52.3,41.2,0.18,999.9,0
2014-01-16,2014,01,16,47.2,43.5,9999.9,6.1,10.4,15.0,25.1,51.1,42.8,0.11,999.9,0
2014-01-17,2014,01,17,45.1,41.5,9999.9,7.0,10.1,15.9,25.1,48.6,41.0,0.43,999.9,0
2014-01-18,2014,01,18,47.4,43.0,9999.9,6.0,9.0,17.1,999.9,51.3,43.0,0.28,999.9,0
2014-01-19,2014,01,19,44.0,38.8,9999.9,6.9,6.9,9.9,999.9,48.2,35.6,0.03,999.9,0
2014-01-20,2014,01,20,40.7,37.1,9999.9,5.9,1.5,4.1,999.9,50.0,33.1,0.0,999.9,1
2014-01-21,2014,01,21,40.2,37.2,9999.9,3.6,5.5,14.0,999.9,47.7,33.8,0.01,999.9,1
2014-01-22,2014,01,22,46.1,42.7,9999.9,6.4,6.9,12.0,17.1,51.3,42.6,0.34,999.9,0
2014-01-23,2014,01,23,41.7,36.9,9999.9,6.0,8.2,14.0,24.1,48.2,36.0,0.01,999.9,0
2014-01-24,2014,01,24,41.9,38.1,9999.9,6.5,6.1,9.9,999.9,46.8,35.1,0.06,999.9,0
2014-01-25,2014,01,25,46.8,42.5,9999.9,3.8,9.9,22.0,33.0,54.1,41.0,0.22,999.9,1
2014-01-26,2014,01,26,42.4,37.2,9999.9,6.4,11.1,20.0,21.0,50.0,36.5,0.07,999.9,0
2014-01-27,2014,01,27,40.7,35.5,9999.9,6.9,11.8,18.1,25.1,48.2,35.6,0.2,999.9,0
2014-01-28,2014,01,28,43.8,39.0,9999.9,6.5,10.3,15.9,999.9,50.2,40.1,0.07,999.9,0
2014-01-29,2014,01,29,40.1,37.8,9999.9,6.1,8.0,13.0,999.9,42.8,38.5,0.06,999.9,0
2014-01-30,2014,01,30,40.2,37.3,9999.9,3.8,4.5,8.9,999.9,42.8,37.4,0.75,999.9,0
2014-01-31,2014,01,31,41.2,39.1,9999.9,4.0,9.7,20.0,27.0,48.6,33.8,0.01,999.9,1
2014-02-01,2014,02,01,45.6,38.0,9999.9,5.8,14.6,27.0,38.1,50.0,40.6,0.78,999.9,0
2014-02-02,2014,02,02,45.5,37.2,9999.9,6.7,11.0,20.0,25.1,50.4,41.0,0.0,999.9,0
2014-02-03,2014,02,03,43.2,37.6,9999.9,6.5,10.3,17.1,999.9,47.8,38.1,0.0,999.9,0
2014-02-04,2014,02,04,44.2,37.6,9999.9,6.6,12.4,21.0,28.9,48.9,39.2,0.0,999.9,0
2014-02-05,2014,02,05,46.9,40.2,9999.9,6.1,18.7,24.1,35.9,50.2,41.9,0.44,999.9,0
2014-02-06,2014,02,06,46.2,41.5,9999.9,6.1,12.0,19.0,22.0,50.0,42.3,0.06,999.9,0
2014-02-07,2014,02,07,46.1,40.2,9999.9,5.7,12.2,21.0,31.1,50.0,38.8,0.75,999.9,0
2014-02-08,2014,02,08,46.3,39.6,9999.9,6.2,17.3,24.1,36.9,49.6,44.4,0.23,999.9,0
2014-02-09,2014,02,09,44.2,34.2,9999.9,6.6,16.7,25.1,35.9,48.2,39.9,0.09,999.9,0
2014-02-10,2014,02,10,41.8,37.4,9999.9,6.7,6.8,14.0,999.9,50.0,37.4,0.0,999.9,0
2014-02-11,2014,02,11,41.8,35.0,9999.9,7.0,12.2,22.0,31.1,47.7,35.6,0.06,999.9,0
2014-02-12,2014,02,12,43.2,36.3,9999.9,7.4,15.9,28.0,41.0,48.7,36.7,0.09,999.9,0
2014-02-13,2014,02,13,42.3,32.8,9999.9,7.8,13.0,22.9,26.0,47.5,38.8,0.32,999.9,0
2014-02-14,2014,02,14,44.4,39.6,9999.9,6.8,15.3,34.0,49.0,54.1,37.4,0.0,999.9,0
2014-02-15,2014,02,15,47.6,38.0,9999.9,6.3,22.2,35.9,46.0,51.8,41.0,0.4,999.9,0
2014-02-16,2014,02,16,43.2,35.4,9999.9,6.7,8.2,11.1,999.9,51.3,35.6,0.02,999.9,0
2014-02-17,2014,02,17,45.6,41.2,9999.9,5.7,9.5,15.0,22.9,51.8,36.9,0.0,999.9,0
2014-02-18,2014,02,18,47.0,44.2,9999.9,6.4,7.6,12.0,999.9,52.0,41.0,0.09,999.9,0
2014-02-19,2014,02,19,45.4,42.6,9999.9,5.8,7.9,13.0,999.9,50.0,39.2,0.23,999.9,1
2014-02-20,2014,02,20,49.6,45.5,9999.9,5.8,11.5,18.1,22.9,56.3,42.8,0.0,999.9,0
2014-02-21,2014,02,21,44.1,35.8,9999.9,6.9,11.9,21.0,29.9,51.6,37.4,0.06,999.9,0
2014-02-22,2014,02,22,46.6,37.3,9999.9,6.9,11.1,15.9,999.9,53.6,40.3,0.0,999.9,0
2014-02-23,2014,02,23,51.0,43.6,9999.9,6.8,14.4,20.0,32.1,54.5,45.5,0.0,999.9,0
2014-02-24,2014,02,24,50.3,43.7,9999.9,7.1,10.3,17.1,27.0,58.8,44.2,0.0,999.9,0
2014-02-25,2014,02,25,47.6,41.8,9999.9,6.5,11.7,19.0,28.9,52.0,42.8,0.13,999.9,0
2014-02-26,2014,02,26,44.9,37.5,9999.9,7.3,8.7,15.0,999.9,53.6,37.2,0.1,999.9,0
2014-02-27,2014,02,27,45.7,38.6,9999.9,6.4,12.1,18.1,27.0,53.6,37.4,0.07,999.9,0
2014-02-28,2014,02,28,41.4,38.1,9999.9,6.6,7.4,13.0,999.9,47.1,35.2,0.13,999.9,0
2014-03-01,2014,03,01,41.0,34.2,9999.9,4.6,4.4,8.0,999.9,50.2,33.8,0.24,999.9,1
2014-03-02,2014,03,02,44.5,40.2,9999.9,6.2,11.8,19.0,28.9,50.7,35.6,0.0,999.9,0
2014-03-03,2014,03,03,42.8,38.6,9999.9,7.0,4.9,11.1,999.9,48.2,37.4,0.28,999.9,0
2014-03-04,2014,03,04,42.1,36.5,9999.9,6.3,4.5,8.9,999.9,51.8,32.0,0.04,999.9,1
2014-03-05,2014,03,05,44.3,36.3,9999.9,6.0,4.8,11.1,999.9,55.8,32.4,0.0,999.9,0
2014-03-06,2014,03,06,47.5,41.5,9999.9,6.1,9.1,17.1,22.9,56.3,41.0,0.01,999.9,0
2014-03-07,2014,03,07,51.6,43.9,9999.9,6.6,7.8,15.0,999.9,62.1,43.9,0.0,999.9,0
2014-03-08,2014,03,08,51.5,40.6,9999.9,6.4,9.0,15.0,999.9,60.8,44.6,0.0,999.9,0
2014-03-09,2014,03,09,54.1,40.3,9999.9,3.7,6.2,13.0,18.1,66.6,42.4,0.0,999.9,0
2014-03-10,2014,03,10,47.7,40.4,9999.9,6.1,5.9,12.0,999.9,55.4,39.6,0.0,999.9,0
2014-03-11,2014,03,11,46.7,41.0,9999.9,6.3,7.8,11.1,999.9,53.6,42.8,0.0,999.9,0
2014-03-12,2014,03,12,47.2,40.2,9999.9,4.7,3.8,6.0,999.9,61.3,35.6,0.0,999.9,0
2014-03-13,2014,03,13,49.0,41.1,9999.9,2.1,2.6,6.0,999.9,65.7,35.6,0.01,999.9,1
2014-03-14,2014,03,14,49.2,40.9,9999.9,2.7,5.7,14.0,999.9,62.6,36.3,0.0,999.9,1
2014-03-15,2014,03,15,52.6,41.5,9999.9,5.3,9.2,15.0,999.9,64.8,44.4,0.0,999.9,0
2014-03-16,2014,03,16,54.9,42.7,9999.9,8.7,8.6,13.0,999.9,66.2,44.6,0.0,999.9,0
2014-03-17,2014,03,17,49.7,42.6,9999.9,5.5,8.0,11.1,999.9,57.2,41.9,0.0,999.9,0
2014-03-18,2014,03,18,50.7,41.9,9999.9,7.0,12.4,21.0,27.0,57.6,44.1,0.0,999.9,0
2014-03-19,2014,03,19,51.4,41.4,9999.9,7.5,10.0,14.0,999.9,62.6,44.6,0.0,999.9,0
2014-03-20,2014,03,20,50.4,44.1,9999.9,5.6,13.9,22.9,32.1,57.2,44.4,0.0,999.9,0
2014-03-21,2014,03,21,48.2,38.2,9999.9,7.0,11.6,20.0,26.0,55.4,43.9,0.1,999.9,0
2014-03-22,2014,03,22,45.0,35.1,9999.9,6.4,12.3,19.0,26.0,53.2,39.2,0.24,999.9,0
2014-03-23,2014,03,23,43.7,33.3,9999.9,6.9,8.6,17.1,21.0,51.8,34.7,0.0,999.9,0
2014-03-24,2014,03,24,42.7,33.0,9999.9,6.6,7.8,15.0,999.9,52.7,31.8,0.0,999.9,1
2014-03-25,2014,03,25,44.4,39.5,9999.9,6.1,7.3,13.0,999.9,48.2,39.2,0.09,999.9,0
2014-03-26,2014,03,26,40.4,35.3,9999.9,5.1,5.1,14.0,999.9,49.1,35.6,0.18,999.9,1
2014-03-27,2014,03,27,42.5,36.0,9999.9,5.6,5.3,15.0,999.9,52.0,37.4,0.08,999.9,1
2014-03-28,2014,03,28,47.0,37.7,9999.9,3.3,8.0,15.0,999.9,57.2,38.1,0.0,999.9,0
2014-03-29,2014,03,29,55.4,39.6,9999.9,3.3,10.0,18.1,999.9,66.7,46.4,0.0,999.9,0
2014-03-30,2014,03,30,56.4,41.3,9999.9,4.4,5.2,11.1,999.9,67.6,44.2,0.0,999.9,0
2014-03-31,2014,03,31,57.2,45.6,9999.9,999.9,5.6,11.1,15.0,62.6,49.6,0.0,999.9,0
2014-04-01,2014,04,01,54.7,48.3,9999.9,3.5,2.8,7.0,999.9,66.2,44.6,0.06,999.9,1
2014-04-02,2014,04,02,57.5,48.9,9999.9,4.7,8.2,13.0,999.9,66.2,50.0,0.0,999.9,0
2014-04-03,2014,04,03,56.6,49.3,9999.9,3.5,6.3,14.0,999.9,64.9,51.8,0.0,999.9,0
2014-04-04,2014,04,04,54.7,46.3,9999.9,4.8,8.8,13.0,999.9,59.2,46.4,0.0,999.9,0
2014-04-05,2014,04,05,52.2,47.8,9999.9,5.6,8.1,14.0,27.0,59.0,42.8,0.0,999.9,1
2014-04-06,2014,04,06,56.5,53.4,9999.9,6.1,11.8,19.0,26.0,60.8,54.9,0.06,999.9,0
2014-04-07,2014,04,07,54.6,51.2,9999.9,6.8,12.0,15.9,22.9,57.9,45.5,0.1,999.9,0
2014-04-08,2014,04,08,49.5,37.9,9999.9,7.2,12.5,21.0,999.9,57.2,41.7,0.17,999.9,0
2014-04-09,2014,04,09,51.5,41.9,9999.9,6.1,7.4,12.0,999.9,62.8,39.9,0.0,999.9,0
2014-04-10,2014,04,10,53.0,40.9,9999.9,6.8,5.3,9.9,999.9,61.9,43.9,0.0,999.9,0
2014-04-11,2014,04,11,54.5,38.8,9999.9,8.9,4.0,7.0,999.9,60.8,48.2,0.0,999.9,0
2014-04-12,2014,04,12,50.7,41.1,9999.9,6.6,8.8,15.9,999.9,57.4,43.3,0.0,999.9,0
2014-04-13,2014,04,13,53.0,41.4,9999.9,6.7,8.4,14.0,999.9,61.5,46.2,0.0,999.9,0
2014-04-14,2014,04,14,51.8,37.5,9999.9,7.2,7.2,11.1,999.9,60.8,42.8,0.0,999.9,0
2014-04-15,2014,04,15,48.5,35.3,9999.9,8.7,6.3,11.1,999.9,58.3,38.8,0.0,999.9,0
2014-04-16,2014,04,16,50.3,34.1,9999.9,6.2,5.9,8.9,999.9,62.8,38.3,0.0,999.9,0
2014-04-17,2014,04,17,53.1,40.4,9999.9,7.0,7.0,11.1,999.9,62.6,42.6,0.0,999.9,0
2014-04-18,2014,04,18,48.6,35.4,9999.9,7.0,6.7,9.9,999.9,55.4,42.3,0.0,999.9,0
2014-04-19,2014,04,19,48.0,36.0,9999.9,6.9,7.5,12.0,999.9,57.2,38.1,0.0,999.9,0
2014-04-20,2014,04,20,50.2,46.3,9999.9,4.0,7.0,13.0,21.0,57.4,44.1,0.0,999.9,0
2014-04-21,2014,04,21,53.6,47.0,9999.9,3.8,3.6,8.0,999.9,66.7,41.0,0.35,999.9,1
2014-04-22,2014,04,22,53.4,47.9,9999.9,4.3,6.8,13.0,22.0,61.5,48.2,1.06,999.9,0
2014-04-23,2014,04,23,52.9,46.8,9999.9,5.9,7.1,13.0,999.9,61.7,42.4,0.01,999.9,0
2014-04-24,2014,04,24,56.1,47.4,9999.9,6.1,3.9,8.0,999.9,63.1,50.0,0.09,999.9,0
2014-04-25,2014,04,25,50.1,47.7,9999.9,3.8,6.1,14.0,999.9,53.6,46.4,0.0,999.9,0
2014-04-26,2014,04,26,53.1,44.4,9999.9,5.7,11.9,18.1,28.0,61.2,45.5,0.26,999.9,0
2014-04-27,2014,04,27,52.9,45.4,9999.9,6.9,9.2,13.0,999.9,59.0,47.7,0.03,999.9,0
2014-04-28,2014,04,28,54.8,47.3,9999.9,5.0,6.0,12.0,999.9,64.8,49.6,0.03,999.9,0
2014-04-29,2014,04,29,54.9,47.9,9999.9,4.5,5.6,9.9,999.9,63.0,47.1,0.0,999.9,0
2014-04-30,2014,04,30,54.8,45.8,9999.9,4.1,5.7,13.0,999.9,67.3,42.8,0.0,999.9,1
2014-05-01,2014,05,01,52.7,50.1,9999.9,3.9,4.4,8.0,999.9,57.2,49.3,0.06,999.9,0
2014-05-02,2014,05,02,50.0,43.3,9999.9,5.5,6.6,9.9,999.9,55.4,41.0,0.4,999.9,0
2014-05-03,2014,05,03,48.1,33.6,9999.9,7.6,4.1,8.0,999.9,58.1,35.6,0.0,999.9,0
2014-05-04,2014,05,04,51.7,40.0,9999.9,7.2,5.8,9.9,22.0,61.9,40.5,0.0,999.9,0
2014-05-05,2014,05,05,55.3,41.7,9999.9,999.9,7.8,14.0,22.9,65.3,41.0,0.0,999.9,0
2014-05-06,2014,05,06,58.1,46.4,9999.9,6.6,9.9,15.0,999.9,66.2,51.8,0.0,999.9,0
2014-05-07,2014,05,07,55.9,45.4,9999.9,6.7,14.1,22.0,25.1,64.0,50.0,0.01,999.9,0
2014-05-08,2014,05,08,55.6,50.2,9999.9,6.9,12.5,22.0,26.0,60.8,51.8,0.04,999.9,0
2014-05-09,2014,05,09,57.2,43.6,9999.9,6.9,16.0,25.1,35.0,64.0,52.2,0.17,999.9,0
2014-05-10,2014,05,10,55.5,47.9,9999.9,6.2,15.6,25.1,35.9,64.6,51.1,0.11,999.9,0
2014-05-11,2014,05,11,52.7,41.4,9999.9,6.6,18.2,22.9,29.9,58.8,47.7,0.09,999.9,0
2014-05-12,2014,05,12,53.6,42.7,9999.9,6.6,10.5,15.9,999.9,64.2,47.8,0.01,999.9,0
2014-05-13,2014,05,13,52.9,45.1,9999.9,6.9,5.0,8.9,999.9,61.5,47.3,0.26,999.9,0
2014-05-14,2014,05,14,56.5,42.1,9999.9,7.4,5.6,8.9,999.9,67.1,43.2,0.34,999.9,0
2014-05-15,2014,05,15,59.1,46.5,9999.9,6.6,4.5,9.9,999.9,70.7,46.8,0.0,999.9,0
2014-05-16,2014,05,16,61.4,47.4,9999.9,7.2,3.0,6.0,999.9,73.0,48.2,0.0,999.9,0
2014-05-17,2014,05,17,64.4,51.7,9999.9,6.3,4.3,8.0,21.0,74.8,51.8,0.0,999.9,0
2014-05-18,2014,05,18,64.5,49.2,9999.9,5.8,6.1,11.1,22.0,74.3,53.6,0.0,999.9,0
2014-05-19,2014,05,19,67.5,50.2,9999.9,4.5,8.5,15.0,999.9,79.3,55.4,0.0,999.9,0
2014-05-20,2014,05,20,62.3,52.5,9999.9,6.3,8.3,14.0,21.0,68.2,54.7,0.0,999.9,0
2014-05-21,2014,05,21,58.7,48.4,9999.9,6.1,5.7,11.1,999.9,66.7,48.2,0.0,999.9,0
2014-05-22,2014,05,22,58.1,51.3,9999.9,6.2,8.7,15.9,28.9,64.4,53.6,0.31,999.9,0
2014-05-23,2014,05,23,56.1,46.9,9999.9,6.8,10.1,21.0,24.1,62.6,51.8,0.24,999.9,0
2014-05-24,2014,05,24,54.9,48.1,9999.9,6.6,8.0,14.0,999.9,61.2,50.0,0.34,999.9,0
2014-05-25,2014,05,25,56.7,43.7,9999.9,7.0,9.4,15.0,24.1,64.8,48.2,0.21,999.9,0
2014-05-26,2014,05,26,52.6,48.7,9999.9,6.5,4.0,7.0,999.9,55.4,48.2,0.06,999.9,0
2014-05-27,2014,05,27,53.9,50.4,9999.9,5.3,6.2,8.9,999.9,57.2,49.8,0.43,999.9,0
2014-05-28,2014,05,28,54.5,51.3,9999.9,5.4,5.4,8.9,999.9,59.0,48.7,0.39,999.9,0
2014-05-29,2014,05,29,59.5,53.4,9999.9,5.9,6.1,9.9,999.9,67.3,55.4,0.0,999.9,0
2014-05-30,2014,05,30,57.4,49.3,9999.9,6.2,5.6,9.9,999.9,61.5,51.8,0.0,999.9,0
2014-05-31,2014,05,31,58.6,46.7,9999.9,6.4,2.8,6.0,999.9,66.6,46.8,0.0,999.9,0
2014-06-01,2014,06,01,62.8,48.0,9999.9,6.5,4.0,8.0,999.9,72.0,51.4,0.0,999.9,0
2014-06-02,2014,06,02,61.5,52.0,9999.9,6.5,6.9,11.1,19.0,70.2,55.4,0.01,999.9,0
2014-06-03,2014,06,03,58.7,52.2,9999.9,6.4,6.6,13.0,22.0,67.8,53.6,0.0,999.9,0
2014-06-04,2014,06,04,53.8,47.8,9999.9,6.5,9.3,25.1,35.0,58.6,46.4,0.17,999.9,0
2014-06-05,2014,06,05,57.7,45.1,9999.9,6.3,11.5,15.0,22.0,67.5,46.8,0.25,999.9,0
2014-06-06,2014,06,06,61.9,47.5,9999.9,999.9,7.6,14.0,999.9,75.2,44.6,0.0,999.9,0
2014-06-07,2014,06,07,64.4,54.3,9999.9,6.6,7.9,14.0,20.0,72.1,55.4,0.0,999.9,0
2014-06-08,2014,06,08,66.2,51.5,9999.9,7.7,6.2,11.1,22.9,76.1,55.4,0.17,999.9,0
2014-06-09,2014,06,09,67.7,55.4,9999.9,7.0,6.7,11.1,20.0,78.8,59.0,0.0,999.9,0
2014-06-10,2014,06,10,64.1,50.2,9999.9,7.1,10.2,17.1,25.1,72.5,55.4,0.06,999.9,0
2014-06-11,2014,06,11,63.2,49.0,9999.9,6.6,6.4,8.9,999.9,72.3,51.4,0.0,999.9,0
2014-06-12,2014,06,12,67.0,49.1,9999.9,999.9,3.5,8.9,999.9,77.0,53.4,0.0,999.9,0
2014-06-13,2014,06,13,69.5,51.7,9999.9,7.2,4.8,8.9,999.9,79.0,55.9,0.0,999.9,0
2014-06-14,2014,06,14,64.9,55.9,9999.9,6.1,6.0,11.1,999.9,72.0,58.6,0.23,999.9,0
2014-06-15,2014,06,15,60.2,50.9,9999.9,7.2,6.1,8.9,999.9,66.2,57.2,0.11,999.9,0
2014-06-16,2014,06,16,59.4,49.2,9999.9,6.7,6.7,11.1,999.9,64.4,55.0,0.0,999.9,0
2014-06-17,2014,06,17,62.0,46.8,9999.9,6.8,7.7,12.0,999.9,71.6,55.4,0.0,999.9,0
2014-06-18,2014,06,18,64.1,52.3,9999.9,6.7,5.7,9.9,999.9,73.4,56.5,0.0,999.9,0
2014-06-19,2014,06,19,61.9,53.6,9999.9,6.6,4.8,9.9,999.9,71.6,53.6,0.01,999.9,0
2014-06-20,2014,06,20,62.8,48.2,9999.9,7.1,4.0,11.1,999.9,74.1,52.7,0.0,999.9,0
2014-06-21,2014,06,21,66.2,49.3,9999.9,7.4,5.8,9.9,999.9,75.4,55.8,0.0,999.9,0
2014-06-22,2014,06,22,67.0,50.5,9999.9,7.6,4.7,9.9,999.9,75.2,56.7,0.0,999.9,0
2014-06-23,2014,06,23,67.4,49.8,9999.9,999.9,3.4,7.0,999.9,78.4,57.2,0.0,999.9,0
2014-06-24,2014,06,24,66.3,54.1,9999.9,5.6,5.5,12.0,20.0,77.0,56.7,0.0,999.9,1
2014-06-25,2014,06,25,62.1,44.2,9999.9,7.2,6.0,9.9,999.9,70.3,52.5,0.0,999.9,0
2014-06-26,2014,06,26,61.8,47.3,9999.9,7.0,6.1,11.1,999.9,71.6,51.8,0.0,999.9,0
2014-06-27,2014,06,27,64.1,52.3,9999.9,6.0,9.8,17.1,28.0,73.9,57.0,0.05,999.9,0
2014-06-28,2014,06,28,59.2,52.2,9999.9,6.6,4.6,8.9,999.9,68.0,54.0,0.0,999.9,0
2014-06-29,2014,06,29,59.6,48.2,9999.9,6.6,5.3,9.9,999.9,67.1,54.7,0.54,999.9,0
2014-06-30,2014,06,30,59.9,50.1,9999.9,6.9,4.9,12.0,999.9,70.2,49.6,0.0,999.9,0
2014-07-01,2014,07,01,63.6,46.0,9999.9,8.7,6.4,11.1,17.1,73.9,51.8,0.02,999.9,0
2014-07-02,2014,07,02,65.2,48.7,9999.9,8.5,4.7,13.0,17.1,77.0,52.0,0.0,999.9,0
2014-07-03,2014,07,03,69.1,48.5,9999.9,999.9,9.5,15.9,27.0,80.8,55.6,0.0,999.9,0
2014-07-04,2014,07,04,67.6,54.1,9999.9,6.4,11.5,20.0,28.0,80.6,57.2,0.0,999.9,0
2014-07-05,2014,07,05,64.4,58.2,9999.9,6.5,10.0,15.9,999.9,71.4,60.8,0.11,999.9,0
2014-07-06,2014,07,06,61.8,50.5,9999.9,7.3,7.4,13.0,22.0,71.4,57.2,0.03,999.9,0
2014-07-07,2014,07,07,61.5,50.5,9999.9,6.8,5.9,13.0,20.0,70.7,51.8,0.06,999.9,0
2014-07-08,2014,07,08,60.8,52.1,9999.9,6.3,4.6,14.0,999.9,69.8,53.1,0.0,999.9,0
2014-07-09,2014,07,09,63.9,51.5,9999.9,5.6,8.1,14.0,20.0,74.1,53.6,0.3,999.9,0
2014-07-10,2014,07,10,63.6,52.6,9999.9,7.5,6.4,8.9,999.9,71.4,57.2,0.0,999.9,0
2014-07-11,2014,07,11,62.2,55.4,9999.9,6.5,4.6,7.0,999.9,69.8,54.3,0.0,999.9,0
2014-07-12,2014,07,12,65.6,58.2,1012.5,8.0,4.6,11.1,999.9,78.8,59.0,0.02,999.9,0
2014-07-13,2014,07,13,64.8,61.8,9999.9,7.9,6.9,9.9,999.9,66.7,62.6,0.07,999.9,0
2014-07-14,2014,07,14,65.4,51.2,9999.9,6.2,9.0,15.9,999.9,77.4,53.1,0.0,999.9,0
2014-07-15,2014,07,15,70.0,55.2,9999.9,6.8,7.3,11.1,999.9,79.7,62.6,0.0,999.9,0
2014-07-16,2014,07,16,69.5,55.9,9999.9,7.0,6.2,12.0,999.9,81.3,57.2,0.0,999.9,0
2014-07-17,2014,07,17,73.1,59.1,9999.9,6.2,5.7,12.0,999.9,84.4,63.1,0.0,999.9,0
2014-07-18,2014,07,18,75.3,61.5,9999.9,6.6,8.5,15.0,22.0,86.5,64.2,0.26,999.9,0
2014-07-19,2014,07,19,73.0,63.3,9999.9,6.8,6.8,12.0,999.9,82.9,66.2,0.05,999.9,0
2014-07-20,2014,07,20,70.1,61.3,9999.9,6.0,5.4,8.9,999.9,80.4,62.6,0.02,999.9,0
2014-07-21,2014,07,21,70.6,58.4,9999.9,6.4,5.3,8.0,999.9,80.4,60.6,0.0,999.9,0
2014-07-22,2014,07,22,70.5,58.1,9999.9,8.1,5.9,8.9,999.9,81.5,60.6,0.0,999.9,0
2014-07-23,2014,07,23,71.6,58.1,9999.9,6.6,7.8,14.0,999.9,85.6,59.9,0.0,999.9,0
2014-07-24,2014,07,24,73.0,55.2,9999.9,6.2,7.7,13.0,24.1,85.3,60.8,0.0,999.9,0
2014-07-25,2014,07,25,68.4,59.7,9999.9,6.5,5.2,19.0,999.9,81.1,60.8,0.0,999.9,0
2014-07-26,2014,07,26,74.1,55.5,9999.9,6.3,4.6,8.0,999.9,84.4,64.4,0.39,999.9,0
2014-07-27,2014,07,27,70.7,53.5,9999.9,6.2,5.4,9.9,999.9,79.2,65.3,0.0,999.9,0
2014-07-28,2014,07,28,65.0,54.7,9999.9,6.2,5.2,11.1,999.9,74.3,57.2,0.0,999.9,0
2014-07-29,2014,07,29,69.7,54.1,9999.9,999.9,5.7,8.9,999.9,81.0,60.3,0.65,999.9,0
2014-07-30,2014,07,30,68.0,52.7,9999.9,7.0,6.4,12.0,999.9,79.5,57.2,0.0,999.9,0
2014-07-31,2014,07,31,67.4,55.9,9999.9,6.5,7.8,13.0,21.0,77.9,55.4,0.0,999.9,0
2014-08-01,2014,08,01,66.9,56.6,9999.9,6.7,7.8,13.0,999.9,77.7,59.0,0.0,999.9,0
2014-08-02,2014,08,02,66.6,56.6,9999.9,6.4,9.1,15.9,24.1,76.3,55.4,0.0,999.9,0
2014-08-03,2014,08,03,64.4,49.9,9999.9,8.1,8.9,15.0,22.0,75.6,54.5,0.07,999.9,0
2014-08-04,2014,08,04,65.1,51.4,9999.9,7.5,6.5,13.0,17.1,75.7,55.4,0.0,999.9,0
2014-08-05,2014,08,05,65.5,56.0,9999.9,6.7,8.2,14.0,21.0,77.2,55.4,0.0,999.9,0
2014-08-06,2014,08,06,70.2,56.5,9999.9,7.1,9.3,15.0,999.9,79.5,60.8,0.0,999.9,0
2014-08-07,2014,08,07,71.9,54.3,9999.9,7.9,4.4,8.0,999.9,79.0,60.8,0.0,999.9,0
2014-08-08,2014,08,08,66.5,57.9,9999.9,6.2,5.1,12.0,999.9,74.7,59.0,0.0,999.9,0
2014-08-09,2014,08,09,64.7,53.7,9999.9,6.2,10.4,15.0,999.9,74.7,55.4,0.87,999.9,0
2014-08-10,2014,08,10,63.7,55.7,9999.9,6.0,12.4,22.0,32.1,72.7,57.2,0.04,999.9,1
2014-08-11,2014,08,11,60.8,51.7,9999.9,7.3,12.5,19.0,38.1,71.4,55.2,0.36,999.9,0
2014-08-12,2014,08,12,60.1,49.7,9999.9,7.5,11.8,18.1,999.9,69.3,55.0,0.76,999.9,0
2014-08-13,2014,08,13,61.6,51.7,9999.9,6.8,8.9,15.0,999.9,72.9,53.2,0.02,999.9,0
2014-08-14,2014,08,14,60.1,53.7,9999.9,7.4,6.7,15.9,999.9,70.9,53.6,0.0,999.9,0
2014-08-15,2014,08,15,60.3,51.4,9999.9,6.8,5.4,9.9,999.9,69.3,53.6,0.25,999.9,0
2014-08-16,2014,08,16,60.8,49.1,9999.9,6.7,9.9,19.0,999.9,71.2,51.8,0.01,999.9,0
2014-08-17,2014,08,17,60.7,49.3,9999.9,7.0,13.0,18.1,28.9,70.7,53.6,0.0,999.9,0
2014-08-18,2014,08,18,58.5,49.3,9999.9,7.1,7.9,12.0,999.9,68.4,51.8,0.05,999.9,0
2014-08-19,2014,08,19,56.0,44.3,9999.9,7.6,8.3,14.0,999.9,66.0,48.2,0.02,999.9,0
2014-08-20,2014,08,20,55.9,43.8,9999.9,7.5,5.9,11.1,999.9,66.2,46.4,0.01,999.9,0
2014-08-21,2014,08,21,55.7,46.0,9999.9,7.2,8.3,18.1,999.9,64.6,44.6,0.0,999.9,0
2014-08-22,2014,08,22,59.7,48.2,9999.9,6.9,8.3,14.0,999.9,69.3,53.6,0.0,999.9,0
2014-08-23,2014,08,23,56.0,44.9,9999.9,6.8,7.4,12.0,999.9,67.1,46.4,0.02,999.9,0
2014-08-24,2014,08,24,56.1,45.9,9999.9,6.9,5.8,9.9,19.0,66.2,44.6,0.02,999.9,0
2014-08-25,2014,08,25,59.8,56.7,9999.9,5.7,5.8,8.9,999.9,63.3,55.2,0.01,999.9,0
2014-08-26,2014,08,26,59.8,56.5,9999.9,5.5,5.9,12.0,999.9,62.6,53.6,0.8,999.9,0
2014-08-27,2014,08,27,60.5,53.1,9999.9,6.6,7.3,14.0,999.9,68.0,50.0,0.11,999.9,0
2014-08-28,2014,08,28,64.6,57.8,9999.9,5.9,9.4,15.0,24.1,73.0,57.2,0.03,999.9,0
2014-08-29,2014,08,29,62.9,55.4,9999.9,6.3,12.2,19.0,25.1,70.7,57.0,0.01,999.9,0
2014-08-30,2014,08,30,62.8,53.1,9999.9,6.5,10.8,15.0,999.9,68.4,57.2,0.01,999.9,0
2014-08-31,2014,08,31,61.6,51.9,9999.9,6.9,6.4,11.1,999.9,71.1,53.6,0.01,999.9,0
2014-09-01,2014,09,01,60.3,57.7,9999.9,6.0,5.6,9.9,999.9,66.6,51.8,0.0,999.9,0
2014-09-02,2014,09,02,63.2,54.0,9999.9,5.6,5.3,8.9,999.9,73.2,54.0,0.08,999.9,0
2014-09-03,2014,09,03,64.6,56.3,9999.9,4.5,6.0,9.9,999.9,74.5,57.2,0.0,999.9,1
2014-09-04,2014,09,04,64.0,56.8,9999.9,5.0,4.8,8.9,999.9,70.3,55.4,0.0,999.9,0
2014-09-05,2014,09,05,64.8,56.8,9999.9,5.1,3.1,6.0,999.9,69.3,60.8,0.0,999.9,0
2014-09-06,2014,09,06,64.8,57.4,9999.9,4.2,3.1,5.1,999.9,71.2,59.0,0.0,999.9,0
2014-09-07,2014,09,07,61.9,52.9,9999.9,4.2,3.3,6.0,999.9,70.9,55.4,0.0,999.9,0
2014-09-08,2014,09,08,60.9,49.1,9999.9,4.8,3.3,6.0,999.9,72.5,50.0,0.0,999.9,0
2014-09-09,2014,09,09,62.4,51.0,9999.9,6.7,4.1,9.9,999.9,72.3,53.4,0.0,999.9,0
2014-09-10,2014,09,10,60.5,50.7,9999.9,6.4,4.4,11.1,999.9,70.2,51.8,0.0,999.9,0
2014-09-11,2014,09,11,58.9,50.2,9999.9,4.7,4.4,7.0,999.9,65.3,50.0,0.0,999.9,0
2014-09-12,2014,09,12,62.8,53.8,9999.9,5.1,6.4,9.9,999.9,74.3,55.0,0.0,999.9,0
2014-09-13,2014,09,13,61.5,54.3,9999.9,5.6,6.3,9.9,999.9,70.3,53.6,0.0,999.9,0
2014-09-14,2014,09,14,61.6,53.6,9999.9,5.7,7.3,13.0,999.9,70.5,53.6,0.0,999.9,0
2014-09-15,2014,09,15,61.6,53.7,9999.9,5.5,3.6,8.0,999.9,71.8,53.6,0.0,999.9,0
2014-09-16,2014,09,16,63.9,56.8,9999.9,2.9,6.0,9.9,999.9,74.8,55.4,0.0,999.9,0
2014-09-17,2014,09,17,63.6,57.8,9999.9,3.1,7.0,9.9,999.9,69.3,60.8,0.0,999.9,0
2014-09-18,2014,09,18,67.1,59.1,9999.9,2.8,6.5,9.9,19.0,78.8,58.5,0.0,999.9,0
2014-09-19,2014,09,19,66.6,61.6,9999.9,3.0,3.8,7.0,999.9,76.1,60.8,0.22,999.9,0
2014-09-20,2014,09,20,63.0,59.5,9999.9,3.9,4.5,8.0,999.9,66.7,59.0,0.0,999.9,0
2014-09-21,2014,09,21,58.6,49.8,9999.9,6.1,6.1,11.1,999.9,65.5,51.8,0.01,999.9,0
2014-09-22,2014,09,22,55.7,46.3,9999.9,5.0,3.0,6.0,999.9,66.7,44.6,0.0,999.9,0
2014-09-23,2014,09,23,55.5,46.6,9999.9,4.8,5.1,9.9,999.9,66.4,44.6,0.01,999.9,1
2014-09-24,2014,09,24,57.4,48.2,9999.9,4.7,7.6,12.0,999.9,66.2,46.4,0.05,999.9,0
2014-09-25,2014,09,25,57.1,49.0,9999.9,6.9,8.2,14.0,999.9,68.0,42.8,0.02,999.9,0
2014-09-26,2014,09,26,63.6,55.2,9999.9,6.7,6.3,11.1,999.9,72.0,59.9,0.0,999.9,0
2014-09-27,2014,09,27,63.0,54.5,9999.9,6.4,3.5,7.0,999.9,70.3,53.6,0.0,999.9,0
2014-09-28,2014,09,28,66.1,57.2,9999.9,6.3,4.0,8.9,999.9,76.5,58.5,0.0,999.9,0
2014-09-29,2014,09,29,60.4,56.4,9999.9,5.2,4.4,8.9,999.9,66.6,55.4,0.0,999.9,0
2014-09-30,2014,09,30,63.0,56.4,9999.9,5.3,7.2,9.9,17.1,73.4,57.2,0.03,999.9,0
2014-10-01,2014,10,01,63.0,56.0,9999.9,6.0,7.2,12.0,999.9,70.9,59.0,0.0,999.9,0
2014-10-02,2014,10,02,63.2,55.8,9999.9,6.7,4.7,8.9,19.0,72.0,57.2,0.02,999.9,0
2014-10-03,2014,10,03,60.6,54.8,9999.9,3.9,7.1,11.1,21.0,72.1,53.6,0.0,999.9,1
2014-10-04,2014,10,04,55.4,51.8,9999.9,5.0,5.9,12.0,999.9,64.6,42.8,0.0,999.9,0
2014-10-05,2014,10,05,50.1,41.5,9999.9,7.3,4.0,8.0,999.9,61.0,39.2,0.38,999.9,1
2014-10-06,2014,10,06,52.5,47.5,9999.9,6.8,9.4,17.1,999.9,55.8,45.7,0.0,999.9,0
2014-10-07,2014,10,07,51.3,44.5,9999.9,6.0,9.7,21.0,999.9,59.9,45.9,0.35,999.9,0
2014-10-08,2014,10,08,55.6,49.7,9999.9,6.9,9.1,19.0,24.1,64.9,44.4,0.02,999.9,0
2014-10-09,2014,10,09,56.1,50.0,9999.9,6.5,12.3,21.0,28.9,64.6,51.8,0.05,999.9,0
2014-10-10,2014,10,10,55.9,50.7,9999.9,6.8,7.7,14.0,22.9,65.5,48.2,0.12,999.9,0
2014-10-11,2014,10,11,55.4,50.1,9999.9,6.3,5.8,13.0,999.9,63.0,48.2,0.13,999.9,0
2014-10-12,2014,10,12,51.2,47.1,9999.9,6.4,4.9,13.0,20.0,59.0,42.8,0.02,999.9,1
2014-10-13,2014,10,13,54.6,52.5,9999.9,6.0,9.0,14.0,999.9,58.1,51.8,0.85,999.9,0
2014-10-14,2014,10,14,55.3,53.2,9999.9,6.4,5.1,8.9,999.9,57.2,53.6,0.21,999.9,0
2014-10-15,2014,10,15,56.1,53.4,9999.9,4.5,5.3,8.9,999.9,59.9,53.6,0.02,999.9,0
2014-10-16,2014,10,16,58.2,54.6,9999.9,6.5,6.2,11.1,18.1,64.6,52.9,0.35,999.9,0
2014-10-17,2014,10,17,61.0,56.5,9999.9,6.3,8.4,13.0,22.9,67.1,55.2,0.07,999.9,0
2014-10-18,2014,10,18,64.0,58.9,9999.9,6.3,11.0,15.9,999.9,67.6,60.8,0.02,999.9,0
2014-10-19,2014,10,19,62.3,56.1,9999.9,6.3,12.7,18.1,25.1,69.3,57.2,0.07,999.9,0
2014-10-20,2014,10,20,57.4,51.2,9999.9,7.1,10.3,15.0,999.9,63.7,53.6,0.0,999.9,0
2014-10-21,2014,10,21,53.7,43.6,9999.9,6.8,15.7,25.1,36.9,57.9,44.6,0.02,999.9,0
2014-10-22,2014,10,22,49.9,42.1,9999.9,7.2,10.1,14.0,999.9,57.2,42.8,0.11,999.9,0
2014-10-23,2014,10,23,57.4,50.8,9999.9,6.5,9.1,12.0,999.9,61.3,51.3,0.0,999.9,0
2014-10-24,2014,10,24,58.8,55.1,9999.9,6.2,7.0,13.0,999.9,63.0,48.2,0.07,999.9,0
2014-10-25,2014,10,25,53.3,46.0,9999.9,6.4,8.0,14.0,999.9,61.0,44.6,0.01,999.9,0
2014-10-26,2014,10,26,56.5,47.0,9999.9,7.4,9.5,15.0,22.0,60.8,53.1,0.0,999.9,0
2014-10-27,2014,10,27,59.1,53.4,9999.9,6.7,8.8,15.9,22.0,65.8,53.6,0.0,999.9,0
2014-10-28,2014,10,28,58.2,53.2,9999.9,5.5,7.4,13.0,20.0,64.6,49.6,0.01,999.9,1
2014-10-29,2014,10,29,56.0,54.0,9999.9,3.8,5.6,8.9,999.9,59.7,53.1,0.02,999.9,0
2014-10-30,2014,10,30,59.9,56.8,9999.9,3.3,5.2,8.9,999.9,64.9,55.4,0.09,999.9,0
2014-10-31,2014,10,31,61.5,54.9,9999.9,3.3,6.0,12.0,26.0,73.2,53.8,0.01,999.9,0
2014-11-01,2014,11,01,59.3,51.7,9999.9,6.4,10.2,17.1,26.0,64.6,55.4,0.0,999.9,0
2014-11-02,2014,11,02,56.9,52.1,9999.9,6.0,11.4,15.0,27.0,60.4,50.0,0.02,999.9,0
2014-11-03,2014,11,03,48.3,44.4,9999.9,6.4,7.2,12.0,18.1,51.8,42.8,0.6,999.9,0
2014-11-04,2014,11,04,44.8,41.3,9999.9,6.0,3.1,11.1,999.9,56.1,37.4,0.21,999.9,1
2014-11-05,2014,11,05,44.7,40.5,9999.9,5.4,4.8,8.9,999.9,51.8,37.4,0.69,999.9,0
2014-11-06,2014,11,06,45.0,40.2,9999.9,4.5,7.5,15.9,999.9,53.6,32.9,0.0,999.9,1
2014-11-07,2014,11,07,52.2,47.2,9999.9,5.7,12.2,22.9,999.9,55.9,46.4,0.2,999.9,0
2014-11-08,2014,11,08,51.7,47.3,9999.9,6.2,10.3,18.1,28.0,58.1,44.6,0.19,999.9,0
2014-11-09,2014,11,09,48.9,44.4,9999.9,4.4,4.6,8.0,17.1,55.8,42.8,0.17,999.9,1
2014-11-10,2014,11,10,49.9,45.7,9999.9,6.4,7.8,14.0,999.9,55.9,42.8,0.0,999.9,0
2014-11-11,2014,11,11,53.4,47.7,9999.9,6.5,11.4,17.1,999.9,57.2,48.9,0.0,999.9,0
2014-11-12,2014,11,12,52.5,48.2,9999.9,6.6,8.1,13.0,999.9,56.5,50.0,0.03,999.9,0
2014-11-13,2014,11,13,53.0,49.6,9999.9,6.6,9.3,15.9,999.9,55.8,46.6,0.16,999.9,0
2014-11-14,2014,11,14,53.5,48.2,9999.9,6.8,8.3,14.0,999.9,59.0,44.6,0.1,999.9,0
2014-11-15,2014,11,15,49.5,46.9,9999.9,5.8,3.7,7.0,999.9,55.8,43.5,0.39,999.9,0
2014-11-16,2014,11,16,49.5,47.6,9999.9,4.4,4.4,6.0,999.9,52.5,45.1,0.06,999.9,0
2014-11-17,2014,11,17,47.7,44.8,9999.9,5.7,6.8,9.9,999.9,50.0,45.5,0.25,999.9,0
2014-11-18,2014,11,18,49.2,45.4,9999.9,5.5,4.7,7.0,999.9,55.8,44.6,0.07,999.9,0
2014-11-19,2014,11,19,48.4,45.3,9999.9,3.0,5.7,8.0,999.9,53.6,43.7,0.01,999.9,0
2014-11-20,2014,11,20,46.6,43.4,9999.9,3.3,4.8,8.9,999.9,52.0,42.8,0.0,999.9,0
2014-11-21,2014,11,21,45.0,42.7,9999.9,2.5,6.0,9.9,999.9,50.0,39.6,0.0,999.9,0
2014-11-22,2014,11,22,55.1,53.3,9999.9,2.8,5.1,8.0,999.9,58.5,46.2,0.07,999.9,0
2014-11-23,2014,11,23,48.2,45.9,9999.9,4.8,4.0,8.0,999.9,55.6,39.2,0.51,999.9,0
2014-11-24,2014,11,24,39.0,36.5,9999.9,5.2,2.1,6.0,999.9,47.7,33.8,0.57,999.9,1
2014-11-25,2014,11,25,42.1,39.6,9999.9,5.1,4.5,8.0,999.9,48.4,31.6,0.02,999.9,1
2014-11-26,2014,11,26,47.8,46.6,9999.9,1.7,2.3,4.1,999.9,50.0,46.0,0.36,999.9,0
2014-11-27,2014,11,27,49.0,46.9,9999.9,4.2,4.2,8.9,999.9,51.8,46.4,0.33,999.9,0
2014-11-28,2014,11,28,51.5,48.6,9999.9,4.2,7.8,12.0,999.9,54.5,47.1,0.0,999.9,0
2014-11-29,2014,11,29,51.1,47.4,9999.9,4.4,4.3,8.0,999.9,56.3,42.8,0.02,999.9,0
2014-11-30,2014,11,30,47.8,44.6,9999.9,3.8,4.5,9.9,999.9,54.0,39.2,0.01,999.9,1
2014-12-01,2014,12,01,45.4,40.2,9999.9,5.4,6.1,8.9,999.9,50.0,42.8,0.0,999.9,0
2014-12-02,2014,12,02,44.9,39.7,9999.9,5.0,8.0,15.0,999.9,46.6,42.8,0.0,999.9,0
2014-12-03,2014,12,03,43.0,37.2,9999.9,6.6,7.3,12.0,20.0,47.1,39.2,0.04,999.9,0
2014-12-04,2014,12,04,39.9,36.7,9999.9,4.3,4.4,12.0,999.9,43.3,37.4,0.02,999.9,0
2014-12-05,2014,12,05,40.0,36.8,9999.9,4.9,4.4,8.0,999.9,45.0,35.6,0.17,999.9,0
2014-12-06,2014,12,06,36.8,33.0,9999.9,7.4,4.9,8.0,999.9,43.2,30.2,0.0,999.9,0
2014-12-07,2014,12,07,44.1,39.0,9999.9,6.5,9.8,19.0,999.9,51.8,35.6,0.01,999.9,0
2014-12-08,2014,12,08,39.8,33.8,9999.9,7.0,7.7,12.0,999.9,45.1,33.8,0.02,999.9,0
2014-12-09,2014,12,09,40.8,37.2,9999.9,6.3,8.8,20.0,28.0,53.6,31.1,0.0,999.9,0
2014-12-10,2014,12,10,46.3,38.1,9999.9,6.8,13.8,22.0,999.9,53.6,42.6,0.06,999.9,0
2014-12-11,2014,12,11,45.7,38.1,9999.9,6.9,16.3,22.0,999.9,50.0,41.7,0.0,999.9,0
2014-12-12,2014,12,12,45.4,40.0,9999.9,6.9,11.7,22.0,29.9,50.4,35.6,0.34,999.9,0
2014-12-13,2014,12,13,37.1,32.7,9999.9,8.2,3.8,7.0,999.9,44.6,32.0,0.06,999.9,0
2014-12-14,2014,12,14,41.9,37.9,9999.9,6.3,9.3,15.9,24.1,50.2,30.6,0.0,999.9,0
2014-12-15,2014,12,15,44.6,40.8,9999.9,7.8,7.7,14.0,999.9,50.0,39.2,0.04,999.9,0
2014-12-16,2014,12,16,39.7,37.5,9999.9,4.7,6.5,11.1,999.9,46.0,32.7,0.01,999.9,1
2014-12-17,2014,12,17,52.1,49.6,9999.9,6.0,10.6,18.1,29.9,55.6,40.8,0.31,999.9,0
2014-12-18,2014,12,18,55.6,51.6,9999.9,6.7,16.1,20.0,32.1,57.2,52.7,0.01,999.9,0
2014-12-19,2014,12,19,49.2,42.5,9999.9,6.8,12.4,19.0,999.9,55.4,41.0,0.01,999.9,0
2014-12-20,2014,12,20,44.2,38.1,9999.9,6.8,10.9,17.1,24.1,50.0,39.6,0.02,999.9,0
2014-12-21,2014,12,21,47.7,42.6,9999.9,6.7,13.8,19.0,25.1,53.6,38.8,0.0,999.9,0
2014-12-22,2014,12,22,54.6,48.3,9999.9,6.8,16.6,22.0,29.9,56.5,50.5,0.0,999.9,0
2014-12-23,2014,12,23,52.9,45.1,9999.9,6.9,16.6,22.9,33.0,55.4,50.9,0.0,999.9,0
2014-12-24,2014,12,24,47.8,39.7,9999.9,6.9,11.8,18.1,24.1,53.6,39.2,0.0,999.9,0
2014-12-25,2014,12,25,41.2,36.0,9999.9,7.5,8.1,13.0,999.9,47.7,35.6,0.01,999.9,0
2014-12-26,2014,12,26,38.3,36.4,9999.9,6.3,6.1,15.9,999.9,48.2,31.3,0.0,999.9,0
2014-12-27,2014,12,27,38.7,34.7,9999.9,6.4,10.7,22.9,33.0,48.2,35.2,0.35,999.9,0
2014-12-28,2014,12,28,36.1,29.8,9999.9,6.6,5.2,8.9,999.9,43.2,28.4,0.0,999.9,0
2014-12-29,2014,12,29,34.0,31.1,9999.9,4.9,4.5,7.0,999.9,42.8,25.7,0.0,999.9,0
2014-12-30,2014,12,30,33.2,31.0,9999.9,4.5,4.5,8.0,999.9,42.3,24.6,0.01,999.9,0
2014-12-31,2014,12,31,36.9,34.5,9999.9,4.9,6.3,12.0,20.0,46.0,24.6,0.01,999.9,1
2015-01-01,2015,01,01,47.7,44.7,9999.9,5.2,12.7,21.0,32.1,53.6,40.5,0.01,999.9,0
2015-01-02,2015,01,02,47.4,39.3,9999.9,6.6,11.5,19.0,27.0,55.4,39.0,0.04,999.9,0
2015-01-03,2015,01,03,40.5,38.2,9999.9,5.2,5.3,9.9,999.9,43.2,35.6,0.15,999.9,0
2015-01-04,2015,01,04,34.7,34.2,9999.9,2.0,4.1,7.0,15.0,38.3,29.5,0.28,999.9,1
2015-01-05,2015,01,05,44.2,41.2,9999.9,5.0,5.8,9.9,999.9,50.0,36.1,0.0,999.9,0
2015-01-06,2015,01,06,45.0,40.4,9999.9,6.5,8.4,17.1,21.0,50.7,35.6,0.01,999.9,0
2015-01-07,2015,01,07,42.7,38.9,9999.9,6.5,10.2,18.1,28.9,50.0,33.3,0.04,999.9,0
2015-01-08,2015,01,08,48.3,43.8,9999.9,6.3,10.9,18.1,999.9,51.8,44.4,0.04,999.9,0
2015-01-09,2015,01,09,53.7,47.8,9999.9,6.4,18.3,28.0,38.1,60.8,43.7,0.49,999.9,0
2015-01-10,2015,01,10,50.0,41.4,9999.9,7.5,18.0,33.0,36.9,57.2,39.2,0.0,999.9,0
2015-01-11,2015,01,11,42.9,35.2,9999.9,6.8,13.8,18.1,999.9,48.2,36.9,0.03,999.9,0
2015-01-12,2015,01,12,50.6,45.6,9999.9,6.3,14.7,22.9,35.9,54.0,44.8,0.02,999.9,0
2015-01-13,2015,01,13,46.0,41.4,9999.9,7.0,11.8,19.0,25.1,53.6,37.4,0.54,999.9,0
2015-01-14,2015,01,14,41.5,34.8,9999.9,6.1,13.9,22.9,32.1,48.2,36.5,0.08,999.9,0
2015-01-15,2015,01,15,46.6,38.4,9999.9,6.1,17.0,28.9,36.9,51.8,41.0,0.31,999.9,0
2015-01-16,2015,01,16,40.6,33.6,9999.9,8.0,8.6,18.1,26.0,45.7,32.0,0.02,999.9,0
2015-01-17,2015,01,17,36.4,31.6,9999.9,6.6,7.0,11.1,999.9,45.1,27.0,0.01,999.9,0
2015-01-18,2015,01,18,37.5,34.2,9999.9,6.5,3.3,6.0,999.9,41.0,29.7,0.04,999.9,0
2015-01-19,2015,01,19,35.7,30.6,9999.9,5.8,3.7,7.0,999.9,41.0,28.4,0.01,999.9,0
2015-01-20,2015,01,20,34.0,29.8,9999.9,5.6,4.2,14.0,999.9,41.0,19.9,0.0,999.9,1
2015-01-21,2015,01,21,37.9,35.0,9999.9,6.0,7.9,13.0,999.9,39.2,35.6,0.02,999.9,0
2015-01-22,2015,01,22,34.6,29.9,9999.9,4.5,3.2,6.0,999.9,39.7,28.4,0.01,999.9,0
2015-01-23,2015,01,23,33.7,30.6,9999.9,3.6,5.7,12.0,999.9,44.6,17.2,0.0,999.9,0
2015-01-24,2015,01,24,41.2,34.5,9999.9,5.5,8.0,14.0,999.9,48.2,33.8,0.11,999.9,0
2015-01-25,2015,01,25,39.9,35.3,9999.9,6.4,6.5,15.0,999.9,47.1,29.8,0.0,999.9,0
2015-01-26,2015,01,26,47.0,40.8,9999.9,6.7,7.9,12.0,999.9,51.8,39.2,0.01,999.9,0
2015-01-27,2015,01,27,42.4,36.7,9999.9,6.8,7.8,11.1,999.9,48.6,33.8,0.01,999.9,0
2015-01-28,2015,01,28,44.1,36.6,9999.9,7.1,15.5,26.0,29.9,51.8,37.0,0.0,999.9,0
2015-01-29,2015,01,29,37.3,32.7,9999.9,7.0,13.4,18.1,999.9,45.3,33.8,0.04,999.9,0
2015-01-30,2015,01,30,38.5,33.2,9999.9,7.1,8.8,12.0,21.0,44.1,33.8,0.06,999.9,0
2015-01-31,2015,01,31,37.2,31.8,9999.9,6.3,8.7,13.0,22.9,42.8,30.7,0.01,999.9,0
2015-02-01,2015,02,01,38.4,28.9,9999.9,6.5,10.7,18.1,26.0,42.8,30.2,0.13,999.9,0
2015-02-02,2015,02,02,32.2,24.9,9999.9,8.2,5.2,8.0,999.9,37.4,21.9,0.0,999.9,0
2015-02-03,2015,02,03,34.4,31.9,9999.9,5.6,5.8,9.9,999.9,39.7,30.7,0.0,999.9,1
2015-02-04,2015,02,04,36.8,32.0,9999.9,6.2,6.2,9.9,999.9,41.0,33.3,0.02,999.9,0
2015-02-05,2015,02,05,36.3,31.5,9999.9,6.2,6.8,12.0,999.9,41.2,33.8,0.0,999.9,0
2015-02-06,2015,02,06,36.4,27.7,9999.9,7.1,9.2,15.0,25.1,41.7,31.5,0.01,999.9,0
2015-02-07,2015,02,07,37.3,34.0,9999.9,6.1,5.2,8.9,999.9,41.7,30.2,0.0,999.9,0
2015-02-08,2015,02,08,40.9,34.2,9999.9,5.4,4.2,8.0,999.9,48.2,35.2,0.01,999.9,0
2015-02-09,2015,02,09,42.2,36.7,9999.9,5.2,3.9,7.0,999.9,50.0,32.2,0.0,999.9,0
2015-02-10,2015,02,10,41.4,36.2,9999.9,5.0,3.3,8.9,999.9,44.4,39.0,0.0,999.9,0
2015-02-11,2015,02,11,40.9,34.2,9999.9,6.6,4.2,8.0,999.9,41.7,39.2,0.0,999.9,0
2015-02-12,2015,02,12,38.8,31.6,9999.9,5.1,3.7,7.0,999.9,40.3,33.8,0.0,999.9,0
2015-02-13,2015,02,13,43.2,39.8,9999.9,4.9,10.6,18.1,28.0,48.6,33.8,0.0,999.9,0
2015-02-14,2015,02,14,43.8,41.1,9999.9,6.1,5.6,8.0,999.9,48.2,37.4,0.28,999.9,0
2015-02-15,2015,02,15,43.5,39.5,9999.9,4.3,4.0,7.0,999.9,49.1,35.6,0.01,999.9,0
2015-02-16,2015,02,16,41.5,39.2,9999.9,3.9,5.3,9.9,999.9,47.5,31.6,0.01,999.9,1
2015-02-17,2015,02,17,41.2,32.5,9999.9,6.6,5.4,8.9,999.9,48.6,36.0,0.22,999.9,0
2015-02-18,2015,02,18,41.3,33.6,9999.9,6.6,8.2,14.0,22.0,51.3,32.0,0.0,999.9,0
2015-02-19,2015,02,19,43.4,39.8,9999.9,6.5,10.4,15.0,999.9,47.7,39.2,0.0,999.9,0
2015-02-20,2015,02,20,43.1,38.5,9999.9,6.6,4.4,8.0,999.9,45.0,35.6,0.24,999.9,0
2015-02-21,2015,02,21,39.2,33.0,9999.9,6.2,6.7,13.0,999.9,46.0,33.8,0.02,999.9,0
2015-02-22,2015,02,22,38.1,35.5,9999.9,6.0,10.7,20.0,28.0,50.0,28.2,0.06,999.9,0
2015-02-23,2015,02,23,42.6,34.3,9999.9,6.8,13.8,24.1,31.1,48.2,39.2,0.26,999.9,0
2015-02-24,2015,02,24,43.8,34.3,9999.9,6.8,12.4,20.0,28.9,50.0,38.3,0.05,999.9,0
2015-02-25,2015,02,25,47.3,42.1,9999.9,6.5,6.3,8.0,20.0,54.1,40.3,0.04,999.9,0
2015-02-26,2015,02,26,47.9,43.6,9999.9,6.4,8.1,13.0,19.0,52.5,37.4,0.06,999.9,0
2015-02-27,2015,02,27,40.2,31.8,9999.9,6.7,7.0,12.0,999.9,49.8,32.0,0.18,999.9,0
2015-02-28,2015,02,28,46.5,43.0,9999.9,6.1,12.6,17.1,26.0,51.8,40.8,0.0,999.9,0
2015-03-01,2015,03,01,47.6,38.0,9999.9,7.4,16.2,22.0,35.9,53.1,41.0,0.07,999.9,0
2015-03-02,2015,03,02,41.7,30.9,9999.9,7.2,15.0,25.1,35.0,48.2,36.5,0.13,999.9,0
2015-03-03,2015,03,03,42.2,32.1,9999.9,7.0,11.6,20.0,999.9,49.8,36.9,0.0,999.9,0
2015-03-04,2015,03,04,42.9,32.2,9999.9,7.2,9.2,15.0,999.9,51.6,35.1,0.0,999.9,0
2015-03-05,2015,03,05,42.7,34.0,9999.9,6.7,7.8,13.0,20.0,54.7,31.3,0.0,999.9,0
2015-03-06,2015,03,06,47.1,36.5,9999.9,7.2,9.9,15.0,999.9,55.8,41.0,0.0,999.9,0
2015-03-07,2015,03,07,49.7,40.2,9999.9,999.9,10.1,15.0,24.1,60.8,42.6,0.0,999.9,0
2015-03-08,2015,03,08,48.9,43.4,9999.9,6.2,8.3,15.0,999.9,55.4,42.8,0.0,999.9,0
2015-03-09,2015,03,09,44.4,41.4,9999.9,6.3,7.9,15.0,22.9,50.7,34.2,0.0,999.9,0
2015-03-10,2015,03,10,46.0,35.2,9999.9,5.7,4.3,8.9,999.9,54.5,37.4,0.01,999.9,0
2015-03-11,2015,03,11,46.5,38.8,9999.9,5.1,7.7,13.0,999.9,57.0,37.0,0.0,999.9,0
2015-03-12,2015,03,12,50.0,33.0,9999.9,4.3,7.8,14.0,999.9,58.3,41.0,0.0,999.9,0
2015-03-13,2015,03,13,47.7,33.0,9999.9,7.1,7.5,15.0,999.9,52.9,39.2,0.0,999.9,0
2015-03-14,2015,03,14,42.2,31.8,9999.9,6.3,8.5,12.0,999.9,47.7,37.0,0.0,999.9,0
2015-03-15,2015,03,15,42.7,37.3,9999.9,5.8,7.5,11.1,999.9,45.1,40.8,0.0,999.9,0
2015-03-16,2015,03,16,43.0,38.5,9999.9,4.0,6.0,8.9,999.9,46.9,39.2,0.06,999.9,0
2015-03-17,2015,03,17,46.1,41.6,9999.9,2.2,4.4,8.9,999.9,54.9,39.2,0.05,999.9,0
2015-03-18,2015,03,18,44.3,38.1,9999.9,2.7,5.7,9.9,999.9,52.5,38.3,0.0,999.9,0
2015-03-19,2015,03,19,44.1,38.4,9999.9,4.4,6.8,9.9,999.9,46.4,42.3,0.0,999.9,0
2015-03-20,2015,03,20,45.3,38.3,9999.9,4.3,4.7,8.9,999.9,53.8,40.6,0.0,999.9,0
2015-03-21,2015,03,21,44.9,36.4,9999.9,6.4,6.9,13.0,999.9,48.0,41.0,0.0,999.9,0
2015-03-22,2015,03,22,42.6,32.2,9999.9,6.7,6.5,9.9,999.9,49.5,35.6,0.0,999.9,0
2015-03-23,2015,03,23,44.6,35.5,9999.9,6.1,7.0,11.1,999.9,54.0,33.6,0.0,999.9,0
2015-03-24,2015,03,24,44.6,35.7,9999.9,5.9,4.6,9.9,999.9,51.3,37.4,0.11,999.9,0
2015-03-25,2015,03,25,41.5,32.3,9999.9,6.3,4.5,8.0,999.9,50.5,32.5,0.02,999.9,0
2015-03-26,2015,03,26,45.9,38.0,9999.9,6.0,9.6,15.9,31.1,55.4,38.3,0.12,999.9,0
2015-03-27,2015,03,27,46.1,34.6,9999.9,7.6,6.8,9.9,999.9,55.6,34.5,0.2,999.9,0
2015-03-28,2015,03,28,52.1,46.6,9999.9,6.0,13.3,24.1,31.1,57.7,44.4,0.0,999.9,0
2015-03-29,2015,03,29,51.3,45.7,9999.9,6.4,16.7,31.1,42.9,57.2,46.4,0.0,999.9,0
2015-03-30,2015,03,30,47.7,37.9,9999.9,6.6,13.4,24.1,32.1,55.4,41.0,0.19,999.9,0
2015-03-31,2015,03,31,51.1,36.5,9999.9,7.7,20.5,29.9,42.0,56.1,41.0,0.06,999.9,0
2015-04-01,2015,04,01,45.3,34.3,9999.9,6.6,14.2,19.0,28.0,54.1,39.2,0.0,999.9,0
2015-04-02,2015,04,02,47.6,38.3,9999.9,6.6,7.2,17.1,999.9,53.4,42.8,0.06,999.9,0
2015-04-03,2015,04,03,49.3,46.7,9999.9,4.2,4.7,8.0,999.9,55.4,44.2,0.06,999.9,0
2015-04-04,2015,04,04,47.4,41.0,9999.9,5.5,6.2,15.0,999.9,50.0,42.8,0.12,999.9,0
2015-04-05,2015,04,05,48.0,39.5,9999.9,6.3,3.5,6.0,999.9,55.6,42.3,0.01,999.9,0
2015-04-06,2015,04,06,49.1,41.3,9999.9,6.4,5.7,13.0,999.9,63.3,35.2,0.0,999.9,0
2015-04-07,2015,04,07,52.0,41.1,9999.9,7.5,3.4,7.0,999.9,64.2,38.7,0.0,999.9,0
2015-04-08,2015,04,08,53.8,43.4,9999.9,5.5,3.4,11.1,999.9,65.3,42.8,0.0,999.9,0
2015-04-09,2015,04,09,52.5,43.2,9999.9,4.2,3.9,8.9,999.9,64.4,41.0,0.0,999.9,1
2015-04-10,2015,04,10,56.0,42.2,9999.9,3.3,6.4,12.0,999.9,70.3,43.2,0.0,999.9,0
2015-04-11,2015,04,11,51.5,37.0,9999.9,6.3,11.9,17.1,999.9,57.4,42.8,0.0,999.9,0
2015-04-12,2015,04,12,51.5,38.7,9999.9,7.4,11.3,20.0,25.1,64.9,39.2,0.02,999.9,0
2015-04-13,2015,04,13,52.0,43.1,9999.9,7.5,5.9,11.1,999.9,62.8,46.4,0.0,999.9,0
2015-04-14,2015,04,14,57.1,45.3,9999.9,5.8,8.8,15.9,999.9,72.0,42.3,0.0,999.9,1
2015-04-15,2015,04,15,61.9,43.1,9999.9,999.9,5.8,12.0,999.9,76.3,47.7,0.01,999.9,0
2015-04-16,2015,04,16,53.4,41.4,9999.9,7.5,8.3,14.0,999.9,63.9,46.4,0.0,999.9,0
2015-04-17,2015,04,17,51.5,36.7,9999.9,7.6,10.2,14.0,999.9,60.1,44.6,0.0,999.9,0
2015-04-18,2015,04,18,49.2,35.4,9999.9,7.1,11.1,17.1,25.1,59.2,41.0,0.0,999.9,0
2015-04-19,2015,04,19,46.7,36.1,9999.9,6.6,6.1,8.9,999.9,53.4,40.6,0.0,999.9,0
2015-04-20,2015,04,20,51.8,38.2,9999.9,999.9,6.6,12.0,999.9,65.8,38.7,0.0,999.9,0
2015-04-21,2015,04,21,53.2,37.3,9999.9,999.9,6.7,12.0,999.9,66.4,40.3,0.0,999.9,0
2015-04-22,2015,04,22,51.3,40.3,9999.9,6.9,8.2,14.0,999.9,61.7,41.5,0.0,999.9,0
2015-04-23,2015,04,23,51.9,41.2,9999.9,6.0,4.8,8.0,999.9,64.4,43.0,0.0,999.9,0
2015-04-24,2015,04,24,53.8,45.5,9999.9,4.8,8.4,14.0,22.0,64.9,42.8,0.0,999.9,0
2015-04-25,2015,04,25,56.3,49.1,9999.9,6.3,9.6,15.0,22.9,65.5,51.8,0.06,999.9,0
2015-04-26,2015,04,26,48.7,42.0,9999.9,6.0,5.4,8.9,999.9,52.3,42.8,0.21,999.9,0
2015-04-27,2015,04,27,47.1,31.1,9999.9,8.5,6.1,13.0,999.9,56.1,37.4,0.0,999.9,0
2015-04-28,2015,04,28,47.4,32.0,9999.9,9.9,11.2,15.9,999.9,60.3,37.6,0.0,999.9,0
2015-04-29,2015,04,29,48.6,38.1,9999.9,6.9,10.6,15.9,25.1,57.4,42.8,0.08,999.9,0
2015-04-30,2015,04,30,49.7,35.4,9999.9,8.0,8.5,15.0,26.0,60.6,39.2,0.0,999.9,0
2015-05-01,2015,05,01,48.0,35.7,9999.9,6.2,8.7,13.0,999.9,56.5,42.6,0.0,999.9,0
2015-05-02,2015,05,02,49.9,40.9,9999.9,6.5,9.3,14.0,999.9,60.3,41.0,0.0,999.9,0
2015-05-03,2015,05,03,57.7,51.6,9999.9,5.1,12.4,20.0,28.0,68.5,48.9,0.07,999.9,0
2015-05-04,2015,05,04,57.1,46.8,9999.9,6.1,9.5,15.0,22.9,66.2,51.8,0.06,999.9,0
2015-05-05,2015,05,05,57.1,47.5,9999.9,6.0,17.1,28.0,39.0,61.5,51.8,0.28,999.9,0
2015-05-06,2015,05,06,53.1,44.7,9999.9,6.5,17.3,25.1,35.9,58.6,46.4,0.1,999.9,0
2015-05-07,2015,05,07,54.4,41.9,9999.9,6.7,9.6,15.0,999.9,63.5,47.3,0.17,999.9,0
2015-05-08,2015,05,08,54.3,45.6,9999.9,6.8,6.8,14.0,999.9,62.6,46.2,0.0,999.9,0
2015-05-09,2015,05,09,56.7,43.3,9999.9,6.7,14.0,21.0,999.9,66.7,48.2,0.01,999.9,0
2015-05-10,2015,05,10,57.2,47.5,9999.9,6.6,8.3,13.0,21.0,66.9,46.4,0.0,999.9,0
2015-05-11,2015,05,11,60.2,49.7,9999.9,7.1,9.5,14.0,999.9,70.9,51.8,0.0,999.9,0
2015-05-12,2015,05,12,56.1,40.2,9999.9,8.0,11.6,20.0,28.0,64.8,46.4,0.0,999.9,0
2015-05-13,2015,05,13,55.9,38.4,9999.9,6.2,5.3,11.1,999.9,68.2,41.0,0.01,999.9,0
2015-05-14,2015,05,14,48.7,45.1,9999.9,5.8,9.4,15.0,999.9,51.3,46.4,0.0,999.9,0
2015-05-15,2015,05,15,52.0,43.7,9999.9,6.0,7.0,12.0,999.9,60.1,45.9,0.0,999.9,0
2015-05-16,2015,05,16,58.4,43.2,9999.9,6.6,8.8,13.0,22.0,65.8,48.2,0.0,999.9,0
2015-05-17,2015,05,17,54.0,41.3,9999.9,6.9,9.1,15.0,999.9,63.9,43.5,0.0,999.9,0
2015-05-18,2015,05,18,52.8,43.2,9999.9,6.7,13.8,27.0,38.1,60.4,46.4,0.04,999.9,0
2015-05-19,2015,05,19,49.5,39.9,9999.9,6.8,12.3,18.1,25.1,58.5,42.8,0.08,999.9,0
2015-05-20,2015,05,20,51.1,39.0,9999.9,7.5,7.5,13.0,999.9,60.8,39.2,0.01,999.9,0
2015-05-21,2015,05,21,56.0,39.5,9999.9,8.7,7.9,13.0,999.9,68.7,41.5,0.0,999.9,0
2015-05-22,2015,05,22,57.8,49.3,9999.9,6.9,6.3,8.9,999.9,67.3,45.3,0.0,999.9,0
2015-05-23,2015,05,23,58.3,47.8,9999.9,6.9,6.4,11.1,999.9,63.9,53.6,0.0,999.9,0
2015-05-24,2015,05,24,59.9,49.1,9999.9,6.8,7.3,11.1,999.9,68.0,53.6,0.0,999.9,0
2015-05-25,2015,05,25,56.4,42.6,9999.9,6.8,5.9,9.9,999.9,62.1,48.0,0.01,999.9,0
2015-05-26,2015,05,26,57.8,44.1,9999.9,7.8,6.6,11.1,21.0,67.5,48.7,0.0,999.9,0
2015-05-27,2015,05,27,56.7,42.6,9999.9,7.2,8.1,15.0,22.9,68.5,44.6,0.0,999.9,0
2015-05-28,2015,05,28,57.4,39.2,9999.9,7.4,11.7,17.1,24.1,64.6,50.9,0.0,999.9,0
2015-05-29,2015,05,29,52.1,42.0,9999.9,7.1,10.2,18.1,26.0,58.3,46.0,0.0,999.9,0
2015-05-30,2015,05,30,54.3,40.1,9999.9,8.6,9.1,14.0,999.9,65.5,43.9,0.1,999.9,0
2015-05-31,2015,05,31,55.2,47.7,9999.9,5.9,12.0,19.0,999.9,61.3,47.8,0.1,999.9,0
2015-06-01,2015,06,01,52.9,40.7,9999.9,6.9,13.6,22.0,33.0,61.7,45.7,0.02,999.9,0
2015-06-02,2015,06,02,58.7,52.5,9999.9,6.4,17.6,24.1,32.1,68.2,51.3,0.02,999.9,0
2015-06-03,2015,06,03,58.9,42.4,9999.9,7.2,9.5,15.0,999.9,68.7,51.8,0.0,999.9,0
2015-06-04,2015,06,04,62.4,44.1,9999.9,10.9,5.5,12.0,999.9,74.5,47.3,0.0,999.9,0
2015-06-05,2015,06,05,63.9,52.8,9999.9,6.6,9.1,18.1,999.9,75.9,50.0,0.02,999.9,0
2015-06-06,2015,06,06,57.3,39.6,9999.9,8.0,11.8,19.0,999.9,68.9,46.4,0.01,999.9,0
2015-06-07,2015,06,07,58.2,39.7,9999.9,8.2,4.9,8.9,15.0,68.7,44.6,0.0,999.9,0
2015-06-08,2015,06,08,56.5,41.3,9999.9,7.5,6.5,12.0,999.9,66.0,48.2,0.0,999.9,0
2015-06-09,2015,06,09,53.0,39.0,9999.9,7.0,9.1,13.0,22.9,60.3,44.6,0.0,999.9,0
2015-06-10,2015,06,10,57.0,40.5,9999.9,7.2,9.7,13.0,24.1,66.6,48.9,0.0,999.9,0
2015-06-11,2015,06,11,63.2,47.1,9999.9,9.3,10.3,17.1,999.9,76.5,49.1,0.0,999.9,0
2015-06-12,2015,06,12,66.1,55.1,9999.9,6.1,5.4,8.9,999.9,77.7,55.2,0.0,999.9,0
2015-06-13,2015,06,13,62.0,55.9,9999.9,5.6,9.3,15.0,999.9,68.0,58.5,0.02,999.9,0
2015-06-14,2015,06,14,57.8,50.6,9999.9,5.8,6.5,11.1,999.9,64.6,53.6,0.0,999.9,0
2015-06-15,2015,06,15,58.3,43.9,9999.9,7.0,7.3,9.9,999.9,69.3,51.8,0.01,999.9,0
2015-06-16,2015,06,16,62.3,46.2,9999.9,8.9,5.9,12.0,14.0,76.1,48.2,0.0,999.9,0
2015-06-17,2015,06,17,65.0,54.7,9999.9,6.9,11.5,19.0,28.9,79.0,53.1,0.0,999.9,0
2015-06-18,2015,06,18,63.7,47.6,9999.9,7.1,7.0,11.1,999.9,71.8,55.4,0.0,999.9,0
2015-06-19,2015,06,19,61.6,45.7,9999.9,6.8,6.1,11.1,999.9,71.8,51.8,0.0,999.9,0
2015-06-20,2015,06,20,61.6,54.0,9999.9,6.1,5.9,13.0,19.0,68.7,55.2,0.0,999.9,0
2015-06-21,2015,06,21,62.3,48.9,9999.9,6.7,11.5,17.1,999.9,70.2,55.4,0.1,999.9,0
2015-06-22,2015,06,22,57.8,47.4,9999.9,6.2,9.2,13.0,21.0,65.1,51.6,0.23,999.9,0
2015-06-23,2015,06,23,60.5,46.5,9999.9,7.1,5.2,8.9,999.9,70.3,53.2,0.01,999.9,0
2015-06-24,2015,06,24,64.0,48.5,9999.9,8.2,8.1,13.0,22.9,75.9,54.3,0.0,999.9,0
2015-06-25,2015,06,25,66.0,50.3,9999.9,7.3,6.7,11.1,21.0,77.4,53.2,0.0,999.9,0
2015-06-26,2015,06,26,66.7,52.3,9999.9,6.2,9.0,17.1,999.9,81.9,56.3,0.0,999.9,0
2015-06-27,2015,06,27,65.4,49.4,9999.9,7.9,8.8,11.1,999.9,77.2,53.1,0.0,999.9,0
2015-06-28,2015,06,28,64.2,54.0,9999.9,7.0,9.0,13.0,999.9,70.5,57.2,0.0,999.9,0
2015-06-29,2015,06,29,67.0,50.0,9999.9,8.8,6.5,9.9,20.0,78.6,55.9,0.06,999.9,0
2015-06-30,2015,06,30,72.6,48.9,9999.9,999.9,6.6,12.0,999.9,86.5,56.1,0.0,999.9,0
2015-07-01,2015,07,01,82.3,56.0,9999.9,999.9,9.6,15.9,999.9,98.1,68.0,0.0,999.9,0
2015-07-02,2015,07,02,68.9,58.1,9999.9,6.7,7.4,18.1,24.1,79.2,59.0,0.0,999.9,0
2015-07-03,2015,07,03,68.3,51.8,9999.9,8.9,7.2,15.0,999.9,81.0,55.4,0.0,999.9,0
2015-07-04,2015,07,04,70.3,58.3,9999.9,4.6,9.0,15.0,22.9,81.0,62.6,0.37,999.9,0
2015-07-05,2015,07,05,64.0,51.2,9999.9,8.2,8.1,17.1,999.9,76.5,56.8,0.0,999.9,0
2015-07-06,2015,07,06,64.7,50.2,9999.9,7.2,9.1,13.0,26.0,74.7,54.3,0.0,999.9,0
2015-07-07,2015,07,07,65.0,51.2,9999.9,7.1,12.3,19.0,26.0,75.7,59.0,0.0,999.9,0
2015-07-08,2015,07,08,63.1,50.7,9999.9,6.8,11.3,15.9,22.9,70.7,56.5,0.01,999.9,0
2015-07-09,2015,07,09,63.3,41.3,9999.9,7.8,6.1,11.1,18.1,73.6,51.6,0.02,999.9,0
2015-07-10,2015,07,10,68.3,45.0,9999.9,999.9,6.6,12.0,21.0,80.1,55.4,0.0,999.9,0
2015-07-11,2015,07,11,68.4,50.3,9999.9,6.8,9.2,15.0,22.9,78.8,57.9,0.0,999.9,0
2015-07-12,2015,07,12,63.9,57.9,9999.9,6.5,10.8,17.1,25.1,72.7,59.0,0.02,999.9,0
2015-07-13,2015,07,13,64.5,60.5,9999.9,6.4,10.1,15.9,999.9,69.4,60.8,0.15,999.9,0
2015-07-14,2015,07,14,65.6,59.5,9999.9,6.5,8.6,12.0,999.9,73.2,62.2,0.07,999.9,0
2015-07-15,2015,07,15,66.4,58.3,9999.9,5.6,5.3,8.0,999.9,72.5,60.8,0.09,999.9,0
2015-07-16,2015,07,16,66.9,56.2,9999.9,6.6,8.5,13.0,999.9,77.5,58.8,0.0,999.9,0
2015-07-17,2015,07,17,66.9,55.7,9999.9,6.2,10.5,19.0,999.9,77.0,58.8,0.26,999.9,0
2015-07-18,2015,07,18,63.9,47.1,9999.9,10.2,8.3,13.0,999.9,74.5,53.6,0.01,999.9,0
2015-07-19,2015,07,19,66.6,47.0,9999.9,6.9,9.7,18.1,999.9,77.0,57.0,0.03,999.9,0
2015-07-20,2015,07,20,65.1,59.9,9999.9,6.4,8.1,17.1,27.0,76.5,57.2,0.0,999.9,0
2015-07-21,2015,07,21,67.3,53.3,9999.9,6.8,10.9,17.1,26.0,79.7,55.4,0.01,999.9,0
2015-07-22,2015,07,22,65.1,52.5,9999.9,6.6,8.8,15.9,999.9,73.4,57.2,0.0,999.9,0
2015-07-23,2015,07,23,62.9,48.0,9999.9,7.3,6.6,13.0,999.9,72.3,51.8,0.02,999.9,0
2015-07-24,2015,07,24,58.8,52.3,9999.9,6.1,5.3,12.0,999.9,63.1,55.0,0.0,999.9,0
2015-07-25,2015,07,25,61.3,47.5,9999.9,6.5,9.2,14.0,19.0,71.1,52.5,1.48,999.9,0
2015-07-26,2015,07,26,57.9,53.3,9999.9,5.7,9.0,15.9,20.0,63.0,53.6,0.0,999.9,0
2015-07-27,2015,07,27,62.7,53.3,9999.9,6.4,15.1,21.0,29.9,69.6,57.2,0.28,999.9,0
2015-07-28,2015,07,28,61.1,47.7,9999.9,6.5,14.6,18.1,999.9,69.4,55.2,0.0,999.9,0
2015-07-29,2015,07,29,58.6,47.3,9999.9,7.0,9.2,13.0,999.9,68.5,49.5,0.0,999.9,0
2015-07-30,2015,07,30,59.6,44.1,9999.9,7.6,6.2,11.1,999.9,68.5,50.0,0.01,999.9,0
2015-07-31,2015,07,31,61.6,44.9,9999.9,7.9,5.0,11.1,20.0,72.9,47.7,0.0,999.9,0
2015-08-01,2015,08,01,61.3,47.5,9999.9,6.2,6.7,13.0,18.1,70.7,48.9,0.0,999.9,0
2015-08-02,2015,08,02,66.1,49.8,9999.9,6.8,7.0,12.0,999.9,79.2,53.6,0.0,999.9,0
2015-08-03,2015,08,03,66.6,55.4,9999.9,6.6,10.1,18.1,25.1,77.2,59.0,0.0,999.9,0
2015-08-04,2015,08,04,63.9,49.8,9999.9,6.9,12.4,19.0,25.1,72.3,55.4,0.0,999.9,0
2015-08-05,2015,08,05,62.1,53.5,9999.9,6.4,6.6,12.0,17.1,71.6,58.6,0.0,999.9,0
2015-08-06,2015,08,06,65.6,55.4,9999.9,6.3,8.8,14.0,21.0,75.2,56.7,0.17,999.9,0
2015-08-07,2015,08,07,66.4,49.5,9999.9,7.3,4.1,8.0,999.9,76.6,54.5,0.0,999.9,0
2015-08-08,2015,08,08,68.8,54.7,9999.9,6.2,5.6,12.0,999.9,80.6,58.1,0.0,999.9,0
2015-08-09,2015,08,09,67.8,52.0,9999.9,6.3,7.2,13.0,19.0,79.9,54.5,0.0,999.9,0
2015-08-10,2015,08,10,66.8,59.9,9999.9,6.2,8.8,15.9,22.0,72.9,59.0,0.0,999.9,0
2015-08-11,2015,08,11,63.5,53.0,9999.9,6.8,2.9,6.0,999.9,70.3,57.0,0.0,999.9,0
2015-08-12,2015,08,12,65.4,54.6,9999.9,6.2,7.2,12.0,999.9,74.1,59.0,0.06,999.9,0
2015-08-13,2015,08,13,64.9,60.7,9999.9,5.7,6.8,12.0,999.9,68.5,60.8,0.0,999.9,0
2015-08-14,2015,08,14,64.1,61.1,9999.9,4.1,6.1,14.0,22.0,70.3,60.4,0.29,999.9,1
2015-08-15,2015,08,15,62.2,48.9,9999.9,6.4,5.5,9.9,999.9,69.3,57.2,0.06,999.9,0
2015-08-16,2015,08,16,63.6,49.2,9999.9,6.8,3.9,8.9,999.9,69.8,55.4,0.0,999.9,0
2015-08-17,2015,08,17,64.3,45.6,9999.9,8.1,4.3,8.0,999.9,71.6,55.4,0.0,999.9,0
2015-08-18,2015,08,18,61.8,50.2,9999.9,999.9,8.0,12.0,999.9,67.1,57.2,0.0,999.9,0
2015-08-19,2015,08,19,61.4,54.5,9999.9,6.6,7.7,12.0,999.9,69.8,55.4,0.01,999.9,0
2015-08-20,2015,08,20,65.1,60.9,9999.9,6.4,8.4,12.0,21.0,70.0,59.2,0.26,999.9,0
2015-08-21,2015,08,21,70.0,59.4,9999.9,6.8,9.2,14.0,20.0,79.7,62.6,0.0,999.9,0
2015-08-22,2015,08,22,72.3,57.6,9999.9,9.5,7.0,14.0,999.9,87.3,59.0,0.0,999.9,0
2015-08-23,2015,08,23,65.7,55.3,9999.9,7.9,8.6,13.0,999.9,71.6,55.4,0.0,999.9,0
2015-08-24,2015,08,24,58.5,55.9,9999.9,6.4,6.4,12.0,999.9,62.6,54.5,0.12,999.9,0
2015-08-25,2015,08,25,59.5,55.1,9999.9,7.0,10.3,14.0,999.9,66.2,51.8,0.54,999.9,0
2015-08-26,2015,08,26,62.9,58.4,9999.9,5.7,12.4,20.0,22.9,68.0,57.2,0.21,999.9,0
2015-08-27,2015,08,27,60.0,53.7,9999.9,6.3,8.9,15.0,999.9,67.3,56.3,1.89,999.9,0
2015-08-28,2015,08,28,60.9,51.0,9999.9,7.2,8.7,14.0,26.0,70.0,50.0,0.15,999.9,1
2015-08-29,2015,08,29,63.1,56.4,9999.9,6.6,5.1,8.9,24.1,72.1,57.2,0.0,999.9,0
2015-08-30,2015,08,30,63.4,58.0,9999.9,6.1,5.1,8.9,999.9,69.4,59.0,0.13,999.9,0
2015-08-31,2015,08,31,59.2,56.6,9999.9,5.7,4.8,8.0,999.9,60.8,57.2,0.28,999.9,0
2015-09-01,2015,09,01,59.4,52.2,9999.9,6.1,4.4,8.9,999.9,66.6,53.6,0.42,999.9,0
2015-09-02,2015,09,02,56.7,48.7,9999.9,6.6,5.0,8.0,999.9,66.2,48.2,0.02,999.9,0
2015-09-03,2015,09,03,55.2,46.7,9999.9,7.7,6.0,9.9,999.9,61.5,48.2,0.0,999.9,0
2015-09-04,2015,09,04,56.5,46.2,9999.9,7.5,5.3,8.0,999.9,61.9,50.0,0.0,999.9,0
2015-09-05,2015,09,05,54.8,46.7,9999.9,7.5,5.2,8.0,999.9,61.3,46.4,0.02,999.9,0
2015-09-06,2015,09,06,55.8,44.1,9999.9,7.0,4.3,8.0,999.9,67.8,42.3,0.0,999.9,0
2015-09-07,2015,09,07,56.7,48.7,9999.9,7.5,4.5,9.9,999.9,66.7,46.4,0.0,999.9,1
2015-09-08,2015,09,08,56.7,48.8,9999.9,6.7,4.8,7.0,999.9,61.7,50.0,0.0,999.9,0
2015-09-09,2015,09,09,59.0,50.8,9999.9,7.0,7.5,13.0,999.9,67.5,54.9,0.0,999.9,0
2015-09-10,2015,09,10,60.7,50.8,9999.9,5.7,8.0,15.0,999.9,70.2,53.2,0.02,999.9,0
2015-09-11,2015,09,11,61.5,49.0,9999.9,6.1,7.8,13.0,999.9,72.1,50.0,0.0,999.9,0
2015-09-12,2015,09,12,62.9,52.0,9999.9,6.4,10.3,15.9,999.9,70.7,53.6,0.01,999.9,0
2015-09-13,2015,09,13,56.5,48.7,9999.9,7.3,5.6,9.9,999.9,68.0,50.0,0.01,999.9,0
2015-09-14,2015,09,14,57.0,51.7,9999.9,6.5,10.5,19.0,29.9,67.6,51.8,0.39,999.9,0
2015-09-15,2015,09,15,56.4,50.4,9999.9,6.5,10.7,17.1,27.0,67.8,50.0,0.05,999.9,0
2015-09-16,2015,09,16,55.2,52.6,9999.9,5.2,6.6,12.0,999.9,60.8,50.9,0.02,999.9,0
2015-09-17,2015,09,17,56.7,49.1,9999.9,5.5,8.2,15.9,999.9,65.3,48.2,0.74,999.9,0
2015-09-18,2015,09,18,58.1,52.2,9999.9,6.3,4.8,8.9,999.9,67.1,51.8,0.01,999.9,0
2015-09-19,2015,09,19,58.1,49.6,9999.9,5.4,3.4,5.1,999.9,67.3,51.3,0.38,999.9,0
2015-09-20,2015,09,20,57.2,50.5,9999.9,5.4,5.7,11.1,999.9,68.4,48.2,0.0,999.9,0
2015-09-21,2015,09,21,56.3,53.4,9999.9,5.8,7.7,13.0,999.9,59.0,50.0,0.0,999.9,0
2015-09-22,2015,09,22,52.9,48.8,9999.9,6.6,5.5,8.9,999.9,59.5,46.4,0.22,999.9,0
2015-09-23,2015,09,23,55.4,47.9,9999.9,7.7,9.6,15.0,999.9,63.3,46.2,0.02,999.9,0
2015-09-24,2015,09,24,58.9,50.8,9999.9,5.9,10.8,17.1,27.0,65.7,51.8,0.04,999.9,0
2015-09-25,2015,09,25,55.4,44.5,9999.9,7.2,4.8,8.9,999.9,64.2,47.3,0.04,999.9,0
2015-09-26,2015,09,26,54.2,44.1,9999.9,6.3,3.5,7.0,999.9,64.4,44.1,0.0,999.9,0
2015-09-27,2015,09,27,55.6,46.7,9999.9,6.5,5.8,12.0,999.9,66.7,46.0,0.01,999.9,0
2015-09-28,2015,09,28,56.2,48.3,9999.9,7.3,6.8,15.0,999.9,65.1,46.4,0.0,999.9,0
2015-09-29,2015,09,29,57.6,48.3,9999.9,7.2,7.8,14.0,999.9,66.4,50.0,0.0,999.9,0
2015-09-30,2015,09,30,57.1,45.9,9999.9,7.2,8.6,15.9,999.9,65.7,49.5,0.0,999.9,0
2015-10-01,2015,10,01,56.7,47.1,9999.9,6.5,7.3,13.0,999.9,65.8,48.2,0.0,999.9,0
2015-10-02,2015,10,02,55.6,47.4,9999.9,6.1,4.3,8.0,999.9,66.2,46.4,0.0,999.9,0
2015-10-03,2015,10,03,53.3,47.8,9999.9,3.5,4.0,7.0,999.9,62.1,46.4,0.0,999.9,0
2015-10-04,2015,10,04,53.7,46.5,9999.9,4.8,5.2,8.9,15.0,64.8,42.8,0.0,999.9,0
2015-10-05,2015,10,05,59.7,57.4,9999.9,4.6,8.8,13.0,999.9,63.3,54.3,0.01,999.9,0
2015-10-06,2015,10,06,61.1,57.9,9999.9,5.4,7.8,15.0,999.9,66.9,57.2,0.44,999.9,0
2015-10-07,2015,10,07,56.9,52.8,9999.9,5.5,9.1,13.0,999.9,60.8,48.2,0.21,999.9,0
2015-10-08,2015,10,08,52.5,45.3,9999.9,6.5,4.4,7.0,999.9,63.0,42.8,0.0,999.9,0
2015-10-09,2015,10,09,53.3,46.5,9999.9,5.7,2.4,6.0,999.9,64.4,44.1,0.01,999.9,1
2015-10-10,2015,10,10,53.8,48.7,9999.9,6.3,5.3,8.9,999.9,61.2,46.4,0.0,999.9,0
2015-10-11,2015,10,11,53.7,45.4,9999.9,5.3,5.8,9.9,999.9,60.4,48.2,0.0,999.9,0
2015-10-12,2015,10,12,51.4,42.4,9999.9,6.4,4.9,8.9,999.9,57.7,46.4,0.0,999.9,0
2015-10-13,2015,10,13,49.8,41.7,9999.9,6.7,6.3,12.0,999.9,55.6,44.6,0.0,999.9,0
2015-10-14,2015,10,14,49.3,43.1,9999.9,6.9,6.0,9.9,999.9,56.5,42.1,0.0,999.9,0
2015-10-15,2015,10,15,51.0,45.4,9999.9,6.5,6.1,9.9,999.9,55.6,48.2,0.02,999.9,0
2015-10-16,2015,10,16,53.4,47.4,9999.9,6.4,7.8,12.0,21.0,57.0,51.1,0.0,999.9,0
2015-10-17,2015,10,17,52.5,45.8,9999.9,6.1,6.6,11.1,999.9,55.4,50.0,0.0,999.9,0
2015-10-18,2015,10,18,54.4,49.5,9999.9,6.3,5.1,8.0,999.9,60.3,51.6,0.0,999.9,0
2015-10-19,2015,10,19,53.3,48.8,9999.9,6.5,4.4,8.0,999.9,57.7,48.2,0.02,999.9,0
2015-10-20,2015,10,20,52.3,45.4,9999.9,6.4,3.7,7.0,999.9,60.8,46.4,0.0,999.9,0
2015-10-21,2015,10,21,53.6,51.3,9999.9,5.6,7.4,12.0,18.1,59.0,47.3,0.06,999.9,0
2015-10-22,2015,10,22,55.8,47.0,9999.9,6.2,7.6,13.0,999.9,59.0,51.8,0.17,999.9,0
2015-10-23,2015,10,23,53.1,45.7,9999.9,6.4,5.2,8.0,999.9,57.2,50.0,0.01,999.9,0
2015-10-24,2015,10,24,52.7,48.0,9999.9,6.0,6.3,9.9,999.9,57.2,42.8,0.0,999.9,0
2015-10-25,2015,10,25,44.6,40.2,9999.9,6.2,4.4,8.0,999.9,53.6,37.4,0.13,999.9,0
2015-10-26,2015,10,26,52.1,48.0,9999.9,5.6,7.5,11.1,999.9,62.8,41.5,0.01,999.9,0
2015-10-27,2015,10,27,57.1,53.0,9999.9,4.3,6.7,11.1,999.9,66.2,50.0,0.0,999.9,1
2015-10-28,2015,10,28,54.8,50.9,9999.9,5.5,6.4,8.9,999.9,61.5,48.2,0.06,999.9,0
2015-10-29,2015,10,29,54.4,52.3,9999.9,5.1,8.5,15.0,22.0,59.9,46.4,0.13,999.9,0
2015-10-30,2015,10,30,57.4,53.6,9999.9,5.5,8.1,13.0,999.9,61.3,52.5,0.19,999.9,0
2015-10-31,2015,10,31,54.7,50.7,9999.9,4.4,3.4,8.0,999.9,64.9,48.2,0.11,999.9,1
2015-11-01,2015,11,01,47.7,47.0,9999.9,0.2,2.4,5.1,999.9,55.4,43.3,0.0,999.9,1
2015-11-02,2015,11,02,49.8,49.2,9999.9,0.8,3.5,8.9,999.9,56.3,46.2,0.01,999.9,1
2015-11-03,2015,11,03,52.6,50.2,9999.9,3.8,4.8,7.0,999.9,55.9,49.1,0.01,999.9,0
2015-11-04,2015,11,04,54.9,53.1,9999.9,3.9,4.7,8.9,999.9,59.0,51.8,0.1,999.9,0
2015-11-05,2015,11,05,57.6,55.7,9999.9,5.1,9.0,15.0,22.0,60.8,53.2,0.04,999.9,0
2015-11-06,2015,11,06,59.4,56.9,9999.9,6.6,9.9,14.0,22.0,63.5,56.5,0.09,999.9,0
2015-11-07,2015,11,07,58.8,55.6,9999.9,6.3,11.7,21.0,28.9,62.8,51.8,0.11,999.9,0
2015-11-08,2015,11,08,55.4,52.8,9999.9,5.4,9.7,15.9,28.9,61.3,45.1,0.31,999.9,0
2015-11-09,2015,11,09,55.3,49.0,9999.9,6.3,14.6,22.9,32.1,59.0,48.2,0.02,999.9,0
2015-11-10,2015,11,10,58.7,54.9,9999.9,6.3,13.0,15.9,24.1,61.7,57.2,0.0,999.9,0
2015-11-11,2015,11,11,57.4,50.3,9999.9,6.2,11.3,15.0,999.9,60.8,55.4,0.0,999.9,0
2015-11-12,2015,11,12,55.8,51.7,9999.9,6.3,9.4,17.1,24.1,60.8,50.0,0.0,999.9,0
2015-11-13,2015,11,13,49.8,41.3,9999.9,6.3,14.6,27.0,46.0,57.2,45.7,0.02,999.9,1
2015-11-14,2015,11,14,50.8,46.5,9999.9,6.6,12.2,20.0,28.9,59.0,44.4,0.04,999.9,0
2015-11-15,2015,11,15,59.0,51.6,9999.9,7.0,18.0,25.1,35.0,61.5,56.3,0.28,999.9,0
2015-11-16,2015,11,16,55.3,48.5,9999.9,6.4,12.9,20.0,28.9,57.2,52.9,0.0,999.9,0
2015-11-17,2015,11,17,56.9,50.6,9999.9,6.1,16.5,33.0,49.0,61.3,52.7,0.11,999.9,0
2015-11-18,2015,11,18,55.2,47.2,9999.9,6.2,17.8,27.0,36.9,59.9,51.4,0.14,999.9,0
2015-11-19,2015,11,19,51.6,47.1,9999.9,5.6,11.2,22.0,999.9,55.4,48.2,0.04,999.9,0
2015-11-20,2015,11,20,46.0,39.9,9999.9,6.8,9.3,15.9,999.9,49.6,39.2,0.09,999.9,0
2015-11-21,2015,11,21,38.3,28.9,9999.9,6.9,10.7,18.1,28.0,43.2,32.0,0.01,999.9,0
2015-11-22,2015,11,22,36.1,30.6,9999.9,7.0,3.7,8.0,999.9,44.6,28.4,0.07,999.9,0
2015-11-23,2015,11,23,38.8,33.2,9999.9,5.1,5.4,9.9,999.9,44.8,30.6,0.0,999.9,0
2015-11-24,2015,11,24,46.8,43.4,9999.9,5.7,8.9,13.0,999.9,50.0,42.1,0.14,999.9,0
2015-11-25,2015,11,25,47.1,42.4,9999.9,6.6,7.0,11.1,999.9,53.6,41.0,0.06,999.9,0
2015-11-26,2015,11,26,48.9,46.0,9999.9,5.7,5.0,7.0,999.9,51.8,45.7,0.0,999.9,0
2015-11-27,2015,11,27,51.4,48.1,9999.9,5.1,10.6,18.1,28.9,57.4,41.0,0.0,999.9,0
2015-11-28,2015,11,28,44.7,37.3,9999.9,7.2,13.5,22.0,28.9,51.8,36.5,0.05,999.9,0
2015-11-29,2015,11,29,52.1,45.4,9999.9,5.8,18.8,31.1,39.0,55.9,48.2,0.02,999.9,0
2015-11-30,2015,11,30,52.7,47.3,9999.9,6.3,14.8,25.1,33.0,56.1,46.4,0.09,999.9,0
2015-12-01,2015,12,01,55.4,48.2,9999.9,5.9,12.4,17.1,999.9,57.7,48.7,0.06,999.9,0
2015-12-02,2015,12,02,54.2,46.1,9999.9,7.0,11.0,15.0,21.0,56.3,53.2,0.0,999.9,0
2015-12-03,2015,12,03,54.5,48.9,9999.9,6.4,12.9,21.0,32.1,55.6,52.9,0.0,999.9,0
2015-12-04,2015,12,04,50.1,43.0,9999.9,7.8,12.4,20.0,28.9,55.4,42.1,0.09,999.9,0
2015-12-05,2015,12,05,54.3,44.3,9999.9,6.4,20.5,26.0,36.9,55.6,52.3,0.0,999.9,0
2015-12-06,2015,12,06,55.4,50.5,9999.9,5.8,13.0,22.0,32.1,57.9,53.6,0.0,999.9,0
2015-12-07,2015,12,07,54.6,51.5,9999.9,6.1,9.0,13.0,18.1,57.9,51.8,0.01,999.9,0
2015-12-08,2015,12,08,52.1,46.5,9999.9,6.3,11.7,15.9,25.1,56.5,44.4,0.06,999.9,0
2015-12-09,2015,12,09,46.8,40.8,9999.9,6.7,9.8,18.1,22.0,54.0,37.4,0.04,999.9,0
2015-12-10,2015,12,10,51.9,46.0,9999.9,6.8,12.4,18.1,27.0,54.9,48.2,0.0,999.9,0
2015-12-11,2015,12,11,48.4,43.3,9999.9,7.2,10.0,19.0,26.0,52.2,40.8,0.17,999.9,0
2015-12-12,2015,12,12,49.8,44.1,9999.9,6.5,12.5,22.0,32.1,57.2,40.8,0.01,999.9,0
2015-12-13,2015,12,13,46.7,45.0,9999.9,3.6,5.4,15.0,999.9,55.4,42.8,0.05,999.9,0
2015-12-14,2015,12,14,47.6,44.5,9999.9,5.4,6.1,8.9,999.9,50.5,41.7,0.02,999.9,0
2015-12-15,2015,12,15,52.1,50.9,9999.9,3.1,6.8,9.9,999.9,55.9,47.7,0.01,999.9,0
2015-12-16,2015,12,16,56.7,52.9,9999.9,5.9,10.9,17.1,999.9,59.4,52.3,0.2,999.9,0
2015-12-17,2015,12,17,55.6,49.6,9999.9,6.2,9.5,13.0,999.9,59.9,51.8,0.0,999.9,0
2015-12-18,2015,12,18,54.1,49.8,9999.9,6.2,9.0,13.0,22.0,57.2,51.8,0.0,999.9,0
2015-12-19,2015,12,19,58.3,52.0,9999.9,6.4,12.7,17.1,22.9,61.5,53.8,0.0,999.9,0
2015-12-20,2015,12,20,53.7,47.2,9999.9,6.4,11.7,19.0,26.0,59.0,46.4,0.0,999.9,0
2015-12-21,2015,12,21,49.2,44.5,9999.9,6.5,11.7,22.9,32.1,55.9,44.4,0.06,999.9,0
2015-12-22,2015,12,22,55.9,52.1,9999.9,5.7,16.6,27.0,35.9,59.0,49.5,0.08,999.9,0
2015-12-23,2015,12,23,50.8,43.1,9999.9,7.2,13.2,19.0,26.0,54.1,47.8,0.17,999.9,0
2015-12-24,2015,12,24,50.0,42.3,9999.9,6.6,14.4,22.9,34.0,55.9,42.8,0.0,999.9,0
2015-12-25,2015,12,25,49.7,45.8,9999.9,5.9,10.2,20.0,999.9,59.0,41.0,0.08,999.9,0
2015-12-26,2015,12,26,57.9,51.1,9999.9,6.2,17.8,24.1,33.0,59.4,55.9,0.07,999.9,0
2015-12-27,2015,12,27,56.8,52.4,9999.9,4.6,13.0,21.0,29.9,59.0,50.0,0.0,999.9,0
2015-12-28,2015,12,28,51.5,45.0,9999.9,5.6,9.3,15.0,999.9,56.1,46.4,0.01,999.9,0
2015-12-29,2015,12,29,51.0,46.2,9999.9,6.3,10.2,18.1,999.9,53.6,48.2,0.05,999.9,0
2015-12-30,2015,12,30,53.8,45.1,9999.9,6.2,18.1,24.1,36.9,57.2,49.5,0.01,999.9,0
2016-01-01,2016,01,01,41.1,37.9,9999.9,5.7,7.9,17.1,999.9,48.2,33.8,0.09,999.9,0
2016-01-02,2016,01,02,49.8,47.6,9999.9,4.8,13.1,17.1,999.9,52.3,46.0,0.07,999.9,0
2016-01-03,2016,01,03,46.0,43.2,9999.9,5.8,10.5,18.1,27.0,50.0,41.0,0.26,999.9,0
2016-01-04,2016,01,04,45.4,42.7,9999.9,6.1,7.7,12.0,17.1,51.6,41.0,0.28,999.9,0
2016-01-05,2016,01,05,45.7,43.6,9999.9,6.0,5.5,11.1,999.9,50.2,41.0,0.02,999.9,1
2016-01-06,2016,01,06,43.7,41.9,9999.9,3.9,3.4,9.9,999.9,46.9,40.6,0.01,999.9,1
2016-01-07,2016,01,07,45.1,39.5,9999.9,6.4,12.7,22.9,35.0,51.4,37.4,0.18,999.9,0
2016-01-08,2016,01,08,42.1,38.5,9999.9,6.6,7.1,11.1,18.1,49.1,32.9,0.22,999.9,0
2016-01-09,2016,01,09,47.5,43.9,9999.9,6.9,11.0,19.0,25.1,51.8,42.8,0.0,999.9,0
2016-01-10,2016,01,10,42.9,38.0,9999.9,6.6,9.6,15.9,999.9,48.4,39.2,0.43,999.9,0
2016-01-11,2016,01,11,42.9,40.1,9999.9,6.3,7.7,11.1,15.9,45.0,39.2,0.45,999.9,0
2016-01-12,2016,01,12,41.9,36.8,9999.9,6.2,12.9,19.0,24.1,45.0,37.8,0.0,999.9,0
2016-01-13,2016,01,13,40.4,34.4,9999.9,6.2,9.9,17.1,18.1,44.6,35.6,0.02,999.9,0
2016-01-14,2016,01,14,39.0,31.9,9999.9,6.5,11.6,17.1,28.9,41.4,35.6,0.12,999.9,0
2016-01-15,2016,01,15,37.2,30.1,9999.9,7.1,8.4,11.1,999.9,42.8,32.0,0.01,999.9,0
2016-01-16,2016,01,16,36.1,30.7,9999.9,6.5,4.8,8.0,999.9,41.0,30.2,0.0,999.9,0
2016-01-17,2016,01,17,36.3,33.2,9999.9,5.0,6.4,13.0,999.9,39.6,32.0,0.07,999.9,0
2016-01-18,2016,01,18,37.7,31.8,9999.9,6.5,7.8,12.0,999.9,41.0,30.2,0.08,999.9,0
2016-01-19,2016,01,19,33.3,24.1,9999.9,6.2,1.8,4.1,999.9,41.0,27.1,0.0,999.9,0
2016-01-20,2016,01,20,32.5,27.3,9999.9,5.1,2.7,8.0,999.9,46.4,23.9,0.0,999.9,0
2016-01-21,2016,01,21,37.6,32.3,9999.9,5.3,6.2,9.9,999.9,46.4,27.7,0.0,999.9,0
2016-01-22,2016,01,22,45.6,41.2,9999.9,6.3,10.0,14.0,999.9,51.8,37.9,0.12,999.9,0
2016-01-23,2016,01,23,45.0,42.4,9999.9,4.8,7.2,13.0,19.0,51.8,39.2,99.99,999.9,1
2016-01-24,2016,01,24,53.6,51.1,9999.9,5.6,8.6,12.0,19.0,59.0,46.0,0.04,999.9,0
2016-01-25,2016,01,25,52.1,46.1,9999.9,6.4,11.0,20.0,27.0,55.8,44.6,0.0,999.9,0
2016-01-26,2016,01,26,48.4,44.7,9999.9,6.0,13.8,23.9,35.0,52.5,41.0,0.12,999.9,0
2016-01-27,2016,01,27,52.7,48.5,9999.9,5.8,17.0,23.9,36.9,55.8,44.6,0.12,999.9,0
2016-01-28,2016,01,28,43.4,35.5,9999.9,7.0,10.8,20.0,28.9,50.0,35.6,0.0,999.9,0
2016-01-29,2016,01,29,52.1,46.9,9999.9,6.3,18.4,25.1,35.9,53.6,45.5,99.99,999.9,0
2016-01-30,2016,01,30,45.9,37.3,9999.9,6.0,14.1,20.0,27.0,51.8,39.2,0.22,999.9,0
2016-01-31,2016,01,31,48.3,43.6,9999.9,6.1,11.9,21.0,30.9,57.2,39.0,0.0,999.9,0
2016-02-01,2016,02,01,54.1,45.2,9999.9,6.2,17.7,24.1,35.0,59.0,49.1,0.05,999.9,0
2016-02-02,2016,02,02,46.8,36.0,9999.9,6.3,15.4,22.9,34.0,50.0,40.5,0.0,999.9,0
2016-02-03,2016,02,03,41.8,33.5,9999.9,6.4,10.4,18.1,999.9,50.0,35.8,0.01,999.9,0
2016-02-04,2016,02,04,49.5,43.6,9999.9,6.4,10.9,17.1,999.9,57.2,37.9,0.0,999.9,0
2016-02-05,2016,02,05,50.6,45.6,9999.9,6.3,11.5,18.1,25.1,52.2,48.0,0.01,999.9,0
2016-02-06,2016,02,06,50.6,45.5,9999.9,6.0,17.6,26.0,40.0,53.6,42.8,0.05,999.9,0
2016-02-07,2016,02,07,45.2,38.1,9999.9,6.8,14.4,25.1,35.9,50.0,41.0,0.27,999.9,0
2016-02-08,2016,02,08,46.3,37.4,9999.9,5.9,22.1,32.1,48.0,48.9,42.8,0.57,999.9,0
2016-02-09,2016,02,09,41.6,34.1,9999.9,6.3,10.8,20.0,29.9,46.4,36.1,0.07,999.9,0
2016-02-10,2016,02,10,42.2,36.0,9999.9,7.0,8.6,14.0,999.9,48.2,35.6,0.02,999.9,0
2016-02-11,2016,02,11,37.8,31.9,9999.9,5.7,3.5,8.9,999.9,47.1,30.0,0.02,999.9,0
2016-02-12,2016,02,12,38.7,34.8,9999.9,6.5,6.4,12.0,999.9,43.2,32.9,0.01,999.9,0
2016-02-13,2016,02,13,38.9,35.4,9999.9,5.2,8.3,14.0,20.0,41.0,33.8,0.0,999.9,0
2016-02-14,2016,02,14,38.7,31.4,9999.9,5.3,6.4,15.0,22.9,43.5,33.8,0.16,999.9,0
2016-02-15,2016,02,15,36.6,29.7,1025.8,9.0,5.9,12.0,20.0,44.6,32.0,0.0,999.9,0
2016-02-16,2016,02,16,36.5,29.4,9999.9,6.1,5.4,12.0,22.0,45.3,26.1,0.0,999.9,0
2016-02-17,2016,02,17,39.6,33.7,9999.9,6.5,8.2,14.0,19.0,43.5,32.9,0.12,999.9,0
2016-02-18,2016,02,18,39.3,32.9,9999.9,5.9,5.6,8.9,999.9,46.4,33.8,0.35,999.9,0
2016-02-19,2016,02,19,41.1,36.2,9999.9,5.9,8.8,16.9,999.9,50.0,29.7,0.01,999.9,0
2016-02-20,2016,02,20,51.4,46.0,9999.9,6.4,16.3,27.0,39.0,55.4,45.3,0.01,999.9,0
2016-02-21,2016,02,21,55.0,49.1,9999.9,7.0,17.3,22.9,32.1,59.0,51.8,0.09,999.9,0
2016-02-22,2016,02,22,47.7,39.6,9999.9,5.8,8.7,18.1,999.9,53.6,39.2,0.06,999.9,0
2016-02-23,2016,02,23,42.3,32.6,9999.9,6.6,4.9,8.0,999.9,48.2,35.6,0.03,999.9,0
2016-02-24,2016,02,24,38.3,27.2,9999.9,6.2,2.5,7.0,999.9,46.4,28.9,0.0,999.9,0
2016-02-25,2016,02,25,35.8,26.5,9999.9,6.3,4.3,8.0,999.9,42.8,28.8,0.0,999.9,0
2016-02-26,2016,02,26,39.1,28.2,9999.9,6.3,5.9,12.0,999.9,46.4,32.4,0.0,999.9,0
2016-02-27,2016,02,27,40.2,27.9,9999.9,6.3,8.5,15.0,999.9,42.8,37.2,99.99,999.9,0
2016-02-28,2016,02,28,40.6,28.6,9999.9,6.4,8.7,15.0,999.9,46.4,36.7,0.0,999.9,0
2016-02-29,2016,02,29,40.6,29.8,9999.9,7.2,4.6,11.1,999.9,48.6,32.0,99.99,999.9,0
2016-03-01,2016,03,01,47.8,43.0,9999.9,6.3,13.8,20.0,30.9,55.4,39.2,0.01,999.9,0
2016-03-02,2016,03,02,42.0,34.8,9999.9,6.3,15.2,27.0,40.0,46.4,38.1,0.25,999.9,0
2016-03-03,2016,03,03,43.3,34.5,9999.9,6.5,10.4,18.1,35.0,48.2,37.4,0.16,999.9,0
2016-03-04,2016,03,04,41.2,32.6,9999.9,6.1,9.8,21.0,28.0,46.4,33.8,0.09,999.9,0
2016-03-05,2016,03,05,37.4,32.1,9999.9,5.9,5.5,14.0,26.0,44.6,30.2,0.0,999.9,0
2016-03-06,2016,03,06,38.9,30.6,9999.9,6.6,5.7,11.1,999.9,44.6,32.9,0.02,999.9,0
2016-03-07,2016,03,07,39.6,27.1,9999.9,7.1,5.8,12.0,18.1,45.9,32.0,0.0,999.9,0
2016-03-08,2016,03,08,38.8,31.7,9999.9,6.6,7.2,14.0,999.9,48.2,28.4,0.01,999.9,0
2016-03-09,2016,03,09,46.2,42.5,9999.9,5.3,8.6,16.9,26.0,51.8,42.8,0.46,999.9,0
2016-03-10,2016,03,10,43.7,39.8,9999.9,4.3,4.2,6.0,999.9,48.2,37.4,0.37,999.9,0
2016-03-11,2016,03,11,40.8,35.0,9999.9,2.2,2.9,7.0,999.9,52.2,31.6,0.01,999.9,1
2016-03-12,2016,03,12,43.2,37.1,9999.9,1.9,3.1,6.0,999.9,51.8,37.0,0.0,999.9,1
2016-03-13,2016,03,13,42.7,35.9,9999.9,3.6,6.5,11.1,999.9,52.2,37.4,0.0,999.9,1
2016-03-14,2016,03,14,44.0,30.4,9999.9,5.8,10.4,17.1,26.0,52.5,38.3,0.0,999.9,0
2016-03-15,2016,03,15,42.9,38.2,9999.9,5.2,5.9,11.1,999.9,48.2,35.6,0.0,999.9,0
2016-03-16,2016,03,16,45.2,36.2,9999.9,6.1,9.9,14.0,21.0,50.0,41.0,99.99,999.9,0
2016-03-17,2016,03,17,43.8,33.3,9999.9,4.9,5.9,11.1,999.9,53.6,33.8,0.0,999.9,0
2016-03-18,2016,03,18,41.1,36.7,9999.9,5.1,5.8,11.1,999.9,45.5,34.7,99.99,999.9,1
2016-03-19,2016,03,19,44.3,36.1,9999.9,7.0,7.3,9.9,999.9,48.2,42.3,99.99,999.9,0
2016-03-20,2016,03,20,45.3,36.5,9999.9,6.7,5.4,8.9,999.9,51.8,40.8,99.99,999.9,0
2016-03-21,2016,03,21,47.7,37.6,9999.9,6.3,4.7,9.9,999.9,53.6,41.0,0.0,999.9,0
2016-03-22,2016,03,22,45.7,34.7,9999.9,5.6,3.4,6.0,999.9,55.4,33.8,0.0,999.9,0
2016-03-23,2016,03,23,47.4,35.7,9999.9,5.8,3.9,8.9,999.9,50.0,42.8,0.0,999.9,0
2016-03-24,2016,03,24,46.5,40.2,9999.9,5.4,8.3,15.0,999.9,51.8,41.0,0.04,999.9,0
2016-03-25,2016,03,25,50.8,39.8,9999.9,5.9,6.8,11.1,999.9,59.0,44.6,0.31,999.9,1
2016-03-26,2016,03,26,49.0,44.7,9999.9,5.8,13.7,24.1,35.0,57.2,42.4,0.0,999.9,0
2016-03-27,2016,03,27,46.3,40.1,9999.9,6.2,13.0,22.9,36.9,51.8,41.9,0.17,999.9,0
2016-03-28,2016,03,28,46.8,38.6,9999.9,5.6,20.2,35.9,52.1,54.0,39.0,0.7,999.9,0
2016-03-29,2016,03,29,45.8,37.2,9999.9,7.2,11.6,18.1,28.0,54.3,39.9,0.13,999.9,0
2016-03-30,2016,03,30,47.1,37.4,9999.9,6.9,8.1,15.0,999.9,54.3,40.3,0.2,999.9,0
2016-03-31,2016,03,31,47.1,34.8,9999.9,6.7,3.9,8.0,999.9,53.6,40.1,0.0,999.9,0
2016-04-01,2016,04,01,45.9,36.1,9999.9,6.0,7.7,15.0,999.9,55.4,33.6,0.0,999.9,0
2016-04-02,2016,04,02,50.3,37.7,9999.9,6.0,7.6,13.0,999.9,57.9,45.9,99.99,999.9,0
2016-04-03,2016,04,03,51.8,45.0,9999.9,4.7,7.2,9.9,999.9,60.8,44.6,0.13,999.9,0
2016-04-04,2016,04,04,50.8,44.7,9999.9,6.2,9.1,15.0,24.1,55.4,47.8,0.02,999.9,0
2016-04-05,2016,04,05,51.1,40.3,9999.9,6.2,7.6,13.0,999.9,59.4,44.6,0.01,999.9,0
2016-04-06,2016,04,06,47.7,37.6,9999.9,7.0,14.3,25.1,33.0,55.4,41.7,0.0,999.9,0
2016-04-07,2016,04,07,44.6,38.8,9999.9,6.5,10.4,15.0,22.0,50.0,39.2,0.04,999.9,0
2016-04-08,2016,04,08,47.7,39.9,9999.9,7.0,6.2,9.9,999.9,57.2,37.4,0.26,999.9,0
2016-04-09,2016,04,09,46.3,38.6,9999.9,6.5,8.4,13.0,22.9,53.6,37.4,0.02,999.9,0
2016-04-10,2016,04,10,45.9,35.0,9999.9,6.9,9.7,18.1,28.0,55.4,32.0,0.06,999.9,0
2016-04-11,2016,04,11,52.5,46.9,9999.9,5.0,6.0,9.9,999.9,57.6,47.8,0.05,999.9,0
2016-04-12,2016,04,12,53.0,41.7,9999.9,6.3,6.5,13.0,21.0,63.3,44.6,0.12,999.9,0
2016-04-13,2016,04,13,52.4,39.5,9999.9,6.7,4.1,11.1,999.9,64.4,38.8,0.0,999.9,1
2016-04-14,2016,04,14,53.4,42.3,9999.9,7.2,6.2,11.1,24.1,61.7,46.0,0.02,999.9,0
2016-04-15,2016,04,15,50.0,47.1,9999.9,5.5,4.2,8.9,999.9,57.2,46.4,0.1,999.9,0
2016-04-16,2016,04,16,43.4,35.6,9999.9,6.2,5.8,9.9,999.9,48.2,37.4,0.65,999.9,0
2016-04-17,2016,04,17,44.1,30.8,9999.9,7.1,4.2,8.0,999.9,52.5,32.5,0.01,999.9,0
2016-04-18,2016,04,18,47.5,36.5,9999.9,7.0,9.0,15.0,999.9,53.6,37.2,0.0,999.9,0
2016-04-19,2016,04,19,52.5,38.5,9999.9,7.2,6.2,12.0,999.9,59.0,44.6,0.0,999.9,0
2016-04-20,2016,04,20,48.8,37.1,9999.9,6.4,9.1,14.0,999.9,57.9,39.2,0.0,999.9,0
2016-04-21,2016,04,21,51.1,39.2,9999.9,6.0,9.5,15.0,999.9,61.7,42.6,0.0,999.9,0
2016-04-22,2016,04,22,47.7,40.1,9999.9,6.4,8.3,12.0,999.9,51.8,42.6,0.08,999.9,0
2016-04-23,2016,04,23,45.1,33.1,9999.9,6.5,6.0,11.1,999.9,51.8,37.4,0.23,999.9,0
2016-04-24,2016,04,24,45.0,33.4,9999.9,6.4,6.4,11.1,999.9,50.0,37.4,0.0,999.9,0
2016-04-25,2016,04,25,46.0,38.2,9999.9,6.5,8.7,13.0,999.9,53.6,39.0,0.01,999.9,0
2016-04-26,2016,04,26,42.3,30.2,9999.9,6.7,8.5,14.0,22.0,50.4,35.6,0.03,999.9,0
2016-04-27,2016,04,27,43.2,30.4,9999.9,7.2,6.1,14.0,999.9,51.8,33.8,0.01,999.9,1
2016-04-28,2016,04,28,44.7,32.9,9999.9,6.4,9.9,17.1,27.0,53.6,32.0,0.0,999.9,0
2016-04-29,2016,04,29,46.3,34.2,9999.9,6.7,11.1,18.1,30.9,52.2,40.5,0.06,999.9,0
2016-04-30,2016,04,30,45.8,32.8,9999.9,7.0,5.3,12.0,17.1,57.2,34.5,0.05,999.9,0
2016-05-01,2016,05,01,49.5,36.7,9999.9,7.0,7.4,14.0,22.9,60.8,35.4,0.01,999.9,1
2016-05-02,2016,05,02,53.9,47.4,9999.9,6.2,11.6,18.1,28.9,62.6,44.6,0.0,999.9,0
2016-05-03,2016,05,03,50.9,37.0,9999.9,6.3,7.4,12.0,999.9,59.0,39.6,0.02,999.9,0
2016-05-04,2016,05,04,53.4,36.4,9999.9,6.6,6.2,11.1,21.0,62.6,39.0,0.0,999.9,0
2016-05-05,2016,05,05,56.8,35.7,9999.9,7.0,6.6,12.0,999.9,68.9,42.6,0.0,999.9,0
2016-05-06,2016,05,06,60.9,42.8,9999.9,6.6,5.2,8.9,999.9,73.4,46.4,0.0,999.9,0
2016-05-07,2016,05,07,64.1,49.2,9999.9,5.3,6.1,15.0,999.9,73.4,53.6,0.0,999.9,0
2016-05-08,2016,05,08,68.3,46.8,9999.9,6.2,8.4,16.9,22.0,79.5,55.4,0.0,999.9,0
2016-05-09,2016,05,09,65.5,52.3,9999.9,6.7,8.2,15.9,999.9,75.9,58.1,0.01,999.9,0
2016-05-10,2016,05,10,60.7,58.5,9999.9,3.4,6.2,9.9,999.9,62.6,59.0,0.1,999.9,0
2016-05-11,2016,05,11,61.0,58.2,9999.9,3.4,4.8,8.9,999.9,66.2,58.5,1.09,999.9,1
2016-05-12,2016,05,12,62.8,52.5,9999.9,4.8,7.5,14.0,999.9,74.7,53.4,0.22,999.9,0
2016-05-13,2016,05,13,54.7,47.0,9999.9,6.1,9.2,13.0,22.9,62.6,48.2,0.0,999.9,0
2016-05-14,2016,05,14,50.3,35.2,9999.9,6.7,6.2,8.9,999.9,57.2,44.6,0.0,999.9,0
2016-05-15,2016,05,15,53.2,39.0,9999.9,6.6,5.1,9.9,999.9,62.4,41.0,0.0,999.9,0
2016-05-16,2016,05,16,56.0,44.1,9999.9,6.4,4.9,8.9,999.9,63.7,46.4,0.0,999.9,0
2016-05-17,2016,05,17,55.3,47.0,9999.9,6.0,7.7,15.0,999.9,64.4,46.2,99.99,999.9,0
2016-05-18,2016,05,18,53.8,49.3,9999.9,6.6,8.6,12.0,999.9,57.2,50.0,0.16,999.9,0
2016-05-19,2016,05,19,56.0,48.6,9999.9,6.9,8.3,15.0,22.9,64.8,49.8,0.12,999.9,0
2016-05-20,2016,05,20,59.1,50.2,9999.9,6.1,10.7,18.1,999.9,66.2,55.4,99.99,999.9,0
2016-05-21,2016,05,21,58.5,53.1,9999.9,6.2,11.3,15.9,28.0,64.4,54.7,0.01,999.9,0
2016-05-22,2016,05,22,57.3,48.6,9999.9,7.1,5.4,12.0,999.9,64.8,51.8,0.12,999.9,0
2016-05-23,2016,05,23,57.1,45.0,9999.9,7.2,6.1,11.1,18.1,66.6,48.2,0.04,999.9,0
2016-05-24,2016,05,24,54.4,42.4,9999.9,6.6,6.9,12.0,20.0,62.6,44.6,0.0,999.9,0
2016-05-25,2016,05,25,51.0,43.6,9999.9,6.8,5.0,8.0,999.9,54.5,48.2,99.99,999.9,0
2016-05-26,2016,05,26,57.6,45.7,9999.9,6.6,4.4,11.1,999.9,69.8,44.6,0.0,999.9,0
2016-05-27,2016,05,27,60.1,48.5,9999.9,6.2,7.1,11.1,999.9,70.7,51.8,99.99,999.9,0
2016-05-28,2016,05,28,59.3,49.7,9999.9,5.6,6.5,8.9,999.9,68.9,50.0,99.99,999.9,0
2016-05-29,2016,05,29,56.8,49.0,9999.9,6.2,7.0,9.9,999.9,66.2,48.2,0.0,999.9,0
2016-05-30,2016,05,30,57.4,49.9,9999.9,6.3,8.3,12.0,25.1,63.7,53.4,0.0,999.9,0
2016-05-31,2016,05,31,53.6,49.1,9999.9,6.7,9.5,14.0,25.1,55.8,51.8,0.47,999.9,0
2016-06-01,2016,06,01,54.9,51.6,9999.9,6.2,8.3,12.0,28.9,57.2,51.8,99.99,999.9,0
2016-06-02,2016,06,02,52.2,46.6,9999.9,6.4,9.6,13.0,26.0,57.2,49.5,0.0,999.9,0
2016-06-03,2016,06,03,52.3,46.4,9999.9,6.6,5.9,8.9,999.9,57.4,48.2,0.0,999.9,0
2016-06-04,2016,06,04,59.9,55.6,9999.9,5.0,4.1,6.0,999.9,66.2,53.6,0.0,999.9,0
2016-06-05,2016,06,05,62.9,54.2,9999.9,5.6,5.8,8.0,999.9,75.2,53.1,0.0,999.9,0
2016-06-06,2016,06,06,64.4,45.6,9999.9,5.8,6.7,11.1,999.9,76.1,51.8,0.0,999.9,0
2016-06-07,2016,06,07,65.5,54.9,9999.9,6.3,3.1,8.0,999.9,74.7,54.9,0.16,999.9,0
2016-06-08,2016,06,08,65.5,59.5,9999.9,5.1,3.6,8.9,999.9,77.0,57.2,0.46,999.9,0
2016-06-09,2016,06,09,62.7,53.4,9999.9,5.5,4.9,8.0,999.9,73.6,55.4,0.05,999.9,0
2016-06-10,2016,06,10,64.4,52.2,9999.9,6.3,3.9,9.9,999.9,73.4,56.5,0.01,999.9,0
2016-06-11,2016,06,11,65.3,56.8,9999.9,6.2,4.6,11.1,999.9,71.6,59.0,0.0,999.9,0
2016-06-12,2016,06,12,61.5,57.2,9999.9,6.2,6.9,9.9,15.9,69.3,57.2,0.16,999.9,0
2016-06-13,2016,06,13,61.1,55.9,9999.9,6.6,8.4,12.0,999.9,66.2,55.4,0.12,999.9,0
2016-06-14,2016,06,14,59.8,55.1,9999.9,6.4,9.1,14.0,999.9,66.2,55.4,0.15,999.9,0
2016-06-15,2016,06,15,59.2,52.3,9999.9,7.0,8.2,15.9,999.9,67.1,53.4,0.12,999.9,0
2016-06-16,2016,06,16,58.4,53.8,9999.9,6.4,4.3,8.0,999.9,64.4,54.5,0.04,999.9,0
2016-06-17,2016,06,17,59.7,53.2,9999.9,5.9,5.1,9.9,999.9,68.0,55.0,0.58,999.9,0
2016-06-18,2016,06,18,57.9,52.2,9999.9,7.0,4.7,8.0,999.9,62.6,53.6,0.12,999.9,0
2016-06-19,2016,06,19,60.5,54.3,9999.9,6.5,8.5,14.0,22.9,68.2,51.8,0.0,999.9,0
2016-06-20,2016,06,20,63.1,59.3,9999.9,6.1,10.3,16.9,999.9,71.8,59.0,0.09,999.9,0
2016-06-21,2016,06,21,63.3,54.0,9999.9,7.0,8.2,13.0,999.9,68.4,57.2,0.42,999.9,0
2016-06-22,2016,06,22,64.7,60.4,9999.9,6.1,5.9,13.0,999.9,71.6,57.2,0.0,999.9,0
2016-06-23,2016,06,23,66.5,65.9,9999.9,5.1,5.1,11.1,999.9,69.8,59.0,0.8,999.9,0
2016-06-24,2016,06,24,62.5,54.1,9999.9,6.6,9.4,18.1,999.9,71.6,52.3,0.28,999.9,0
2016-06-25,2016,06,25,60.0,52.0,9999.9,7.1,7.5,13.0,999.9,67.3,53.2,0.0,999.9,0
2016-06-26,2016,06,26,60.0,53.4,9999.9,6.6,9.2,15.0,999.9,68.0,53.4,0.06,999.9,0
2016-06-27,2016,06,27,63.9,53.6,9999.9,6.4,7.3,11.1,17.1,69.8,57.7,0.05,999.9,0
2016-06-28,2016,06,28,59.7,50.0,9999.9,6.6,7.2,14.0,27.0,69.8,51.4,0.0,999.9,0
2016-06-29,2016,06,29,57.7,54.1,9999.9,6.4,11.9,17.1,28.0,60.8,51.6,0.08,999.9,0
2016-06-30,2016,06,30,62.2,55.5,9999.9,6.4,9.5,15.9,26.0,68.0,55.4,0.09,999.9,0
2016-07-01,2016,07,01,60.6,53.7,9999.9,6.7,12.3,18.1,27.0,66.2,53.6,0.0,999.9,0
2016-07-02,2016,07,02,59.1,46.5,9999.9,6.6,12.4,18.1,28.0,68.0,50.9,0.06,999.9,0
2016-07-03,2016,07,03,60.6,51.0,9999.9,6.5,7.5,11.1,22.9,69.3,50.4,0.01,999.9,0
2016-07-04,2016,07,04,61.8,54.6,9999.9,6.9,8.0,14.0,21.0,68.4,51.8,0.0,999.9,0
2016-07-05,2016,07,05,63.2,51.4,9999.9,6.2,8.3,12.0,999.9,70.0,58.5,99.99,999.9,0
2016-07-06,2016,07,06,62.3,46.5,9999.9,7.2,4.2,8.9,999.9,71.6,50.9,0.0,999.9,0
2016-07-07,2016,07,07,65.4,53.4,9999.9,7.2,7.3,11.1,20.0,73.6,58.1,99.99,999.9,0
2016-07-08,2016,07,08,65.4,55.8,9999.9,7.1,10.6,17.1,25.1,73.4,58.8,99.99,999.9,0
2016-07-09,2016,07,09,66.3,56.8,9999.9,6.4,11.1,17.1,26.0,73.4,59.0,0.0,999.9,0
2016-07-10,2016,07,10,65.8,58.4,9999.9,6.6,12.5,19.0,28.9,73.4,60.8,99.99,999.9,0
2016-07-11,2016,07,11,63.3,57.0,9999.9,6.2,12.7,18.1,27.0,71.6,59.0,0.01,999.9,0
2016-07-12,2016,07,12,59.4,53.4,9999.9,7.1,7.0,13.0,999.9,64.8,54.3,0.04,999.9,0
2016-07-13,2016,07,13,58.9,49.5,9999.9,6.7,6.1,13.0,999.9,68.0,53.6,0.21,999.9,0
2016-07-14,2016,07,14,61.3,47.7,9999.9,7.1,5.8,8.9,999.9,71.1,51.8,0.08,999.9,0
2016-07-15,2016,07,15,61.4,53.5,9999.9,6.7,8.4,13.0,999.9,67.1,51.3,0.0,999.9,0
2016-07-16,2016,07,16,69.7,60.9,9999.9,7.1,10.1,13.0,999.9,78.8,62.6,0.0,999.9,0
2016-07-17,2016,07,17,71.2,61.5,9999.9,7.0,9.4,15.0,999.9,80.1,63.9,99.99,999.9,0
2016-07-18,2016,07,18,72.3,55.3,9999.9,6.4,3.9,8.9,17.1,84.6,60.1,0.0,999.9,0
2016-07-19,2016,07,19,77.8,60.2,9999.9,7.0,7.1,12.0,999.9,91.4,60.8,0.0,999.9,0
2016-07-20,2016,07,20,75.5,60.1,9999.9,6.7,10.1,17.1,25.1,87.3,60.8,0.0,999.9,0
2016-07-21,2016,07,21,67.2,54.9,9999.9,6.7,5.5,9.9,999.9,77.4,57.2,99.99,999.9,0
2016-07-22,2016,07,22,68.6,59.8,9999.9,7.0,3.5,5.1,999.9,73.8,62.6,0.02,999.9,0
2016-07-23,2016,07,23,71.4,58.1,9999.9,6.7,5.6,11.1,22.0,82.4,58.8,0.02,999.9,0
2016-07-24,2016,07,24,67.1,58.5,9999.9,6.4,9.0,14.0,18.1,78.3,58.5,0.0,999.9,0
2016-07-25,2016,07,25,66.7,52.7,9999.9,6.2,9.4,13.0,999.9,76.1,57.2,0.01,999.9,0
2016-07-26,2016,07,26,65.3,53.8,9999.9,7.1,7.7,11.1,999.9,73.4,55.4,0.0,999.9,0
2016-07-27,2016,07,27,67.9,59.3,9999.9,6.6,8.4,12.0,22.0,77.0,62.4,0.12,999.9,0
2016-07-28,2016,07,28,65.0,55.1,9999.9,7.2,6.8,12.0,999.9,70.9,58.5,0.04,999.9,0
2016-07-29,2016,07,29,66.3,58.7,9999.9,6.4,8.4,12.0,999.9,72.5,60.8,0.01,999.9,0
2016-07-30,2016,07,30,65.5,53.0,9999.9,7.2,4.4,7.0,999.9,71.6,60.8,0.01,999.9,0
2016-07-31,2016,07,31,64.6,49.0,9999.9,7.2,5.9,12.0,999.9,71.6,55.4,0.0,999.9,0
2016-08-01,2016,08,01,59.6,52.0,9999.9,6.9,6.8,13.0,999.9,66.2,53.6,0.03,999.9,0
2016-08-02,2016,08,02,65.3,63.8,9999.9,5.8,9.9,13.0,999.9,71.6,57.2,0.51,999.9,0
2016-08-03,2016,08,03,68.1,58.5,9999.9,6.5,13.7,18.1,27.0,75.2,60.8,0.01,999.9,0
2016-08-04,2016,08,04,65.0,53.7,9999.9,6.5,12.7,17.1,999.9,73.4,59.0,0.0,999.9,0
2016-08-05,2016,08,05,65.3,53.7,9999.9,6.4,7.6,12.0,999.9,75.2,55.0,0.0,999.9,0
2016-08-06,2016,08,06,66.6,54.1,9999.9,7.0,7.6,14.0,999.9,79.2,54.9,0.0,999.9,0
2016-08-07,2016,08,07,69.7,57.8,9999.9,6.5,12.5,19.0,30.9,79.2,61.7,99.99,999.9,0
2016-08-08,2016,08,08,64.0,47.4,9999.9,6.3,9.2,15.0,999.9,70.2,57.2,0.0,999.9,0
2016-08-09,2016,08,09,60.2,43.9,9999.9,6.7,6.5,9.9,999.9,68.4,50.0,0.0,999.9,0
2016-08-10,2016,08,10,60.0,46.1,9999.9,6.7,7.0,9.9,999.9,68.0,51.3,0.0,999.9,1
2016-08-11,2016,08,11,65.3,54.6,9999.9,7.1,9.9,13.0,999.9,75.2,58.8,99.99,999.9,0
2016-08-12,2016,08,12,67.6,54.6,9999.9,6.3,10.4,15.9,999.9,80.6,56.8,0.0,999.9,0
2016-08-13,2016,08,13,67.1,53.8,9999.9,7.2,9.7,15.0,999.9,77.9,58.1,0.0,999.9,0
2016-08-14,2016,08,14,66.2,48.5,9999.9,7.1,3.8,8.0,999.9,73.4,59.0,0.0,999.9,0
2016-08-15,2016,08,15,64.5,50.8,9999.9,7.1,6.6,11.1,999.9,75.2,53.6,0.0,999.9,0
2016-08-16,2016,08,16,64.5,52.4,9999.9,7.1,6.3,12.0,999.9,77.0,53.6,0.0,999.9,0
2016-08-17,2016,08,17,67.0,52.1,9999.9,6.4,5.4,8.9,999.9,79.7,55.4,0.0,999.9,0
2016-08-18,2016,08,18,67.9,55.0,9999.9,6.6,5.6,9.9,999.9,77.0,60.3,99.99,999.9,0
2016-08-19,2016,08,19,63.4,59.7,9999.9,5.2,8.8,14.0,22.9,66.2,60.8,0.08,999.9,0
2016-08-20,2016,08,20,62.8,55.3,9999.9,6.2,13.9,22.0,34.0,69.8,57.7,0.02,999.9,0
2016-08-21,2016,08,21,64.0,55.8,9999.9,6.5,13.5,18.1,28.0,72.5,58.5,0.03,999.9,0
2016-08-22,2016,08,22,67.4,59.7,9999.9,6.4,10.1,15.9,24.1,76.5,60.8,0.02,999.9,0
2016-08-23,2016,08,23,71.7,57.2,9999.9,6.7,6.3,13.0,15.0,86.4,55.2,0.0,999.9,0
2016-08-24,2016,08,24,76.4,61.1,9999.9,7.0,3.7,12.0,999.9,91.4,64.2,99.99,999.9,0
2016-08-25,2016,08,25,73.1,64.2,9999.9,6.3,3.6,6.0,999.9,81.0,65.8,0.1,999.9,0
2016-08-26,2016,08,26,71.1,54.2,9999.9,5.4,4.9,8.9,999.9,80.6,62.6,0.0,999.9,0
2016-08-27,2016,08,27,69.6,59.3,9999.9,6.7,6.7,14.0,999.9,79.2,60.6,99.99,999.9,0
2016-08-28,2016,08,28,65.7,60.5,9999.9,5.9,9.2,15.0,18.1,69.8,61.9,0.08,999.9,0
2016-08-29,2016,08,29,66.7,53.3,9999.9,6.5,3.8,8.0,999.9,75.2,59.0,0.0,999.9,0
2016-08-30,2016,08,30,67.1,52.4,9999.9,6.7,5.0,11.1,17.1,79.2,55.4,0.0,999.9,0
2016-08-31,2016,08,31,64.6,55.7,9999.9,6.7,7.6,14.0,999.9,74.7,54.9,99.99,999.9,1
2016-09-01,2016,09,01,64.1,52.8,9999.9,6.5,6.3,12.0,17.1,75.6,55.4,0.0,999.9,0
2016-09-02,2016,09,02,62.5,58.1,9999.9,6.1,8.8,12.0,22.0,68.0,57.0,99.99,999.9,0
2016-09-03,2016,09,03,61.6,56.6,9999.9,6.6,9.1,15.0,999.9,69.8,51.8,0.01,999.9,0
2016-09-04,2016,09,04,63.8,56.5,9999.9,6.4,11.5,16.9,27.0,69.8,47.8,0.19,999.9,1
2016-09-05,2016,09,05,64.6,61.4,9999.9,6.0,6.0,8.9,22.0,72.5,56.7,0.09,999.9,0
2016-09-06,2016,09,06,70.1,65.0,9999.9,6.3,6.4,8.0,999.9,75.2,64.4,0.03,999.9,0
2016-09-07,2016,09,07,71.0,59.8,9999.9,6.9,4.4,8.9,999.9,81.9,64.4,0.0,999.9,0
2016-09-08,2016,09,08,66.2,53.5,9999.9,6.5,9.2,17.1,25.1,73.8,59.0,0.0,999.9,0
2016-09-09,2016,09,09,66.3,58.3,9999.9,6.3,10.9,16.9,27.0,73.8,59.0,99.99,999.9,0
2016-09-10,2016,09,10,64.0,60.2,9999.9,6.0,9.4,13.0,24.1,66.4,51.8,0.12,999.9,0
2016-09-11,2016,09,11,58.8,48.7,9999.9,6.3,5.4,9.9,999.9,70.7,47.7,0.01,999.9,1
2016-09-12,2016,09,12,65.3,57.0,9999.9,6.4,6.3,11.1,999.9,77.0,51.1,99.99,999.9,0
2016-09-13,2016,09,13,74.7,59.8,9999.9,7.0,5.0,12.0,999.9,89.8,59.0,0.0,999.9,1
2016-09-14,2016,09,14,72.6,60.3,9999.9,6.3,6.3,13.0,999.9,81.5,62.6,0.0,999.9,0
2016-09-15,2016,09,15,69.4,60.6,9999.9,6.3,5.1,11.1,20.0,83.3,59.0,0.0,999.9,0
2016-09-16,2016,09,16,61.2,55.4,9999.9,5.8,7.3,12.0,999.9,66.6,55.4,0.52,999.9,0
2016-09-17,2016,09,17,58.1,52.3,9999.9,6.6,7.3,9.9,18.1,60.8,55.2,0.35,999.9,0
2016-09-18,2016,09,18,62.3,55.2,9999.9,6.1,3.9,6.0,999.9,68.0,57.2,0.0,999.9,0
2016-09-19,2016,09,19,60.7,55.7,9999.9,6.6,3.2,6.0,999.9,66.7,55.4,0.08,999.9,0
2016-09-20,2016,09,20,61.2,55.9,9999.9,5.4,3.2,6.0,999.9,66.2,57.6,0.01,999.9,0
2016-09-21,2016,09,21,63.2,55.5,9999.9,6.2,5.3,12.0,999.9,70.9,58.8,0.0,999.9,0
2016-09-22,2016,09,22,61.4,55.3,9999.9,5.5,6.6,13.0,999.9,68.0,53.6,99.99,999.9,0
2016-09-23,2016,09,23,57.7,46.2,9999.9,7.2,5.5,9.9,999.9,68.4,48.0,0.0,999.9,0
2016-09-24,2016,09,24,63.6,52.3,9999.9,6.9,9.0,17.1,26.0,72.0,49.6,0.0,999.9,0
2016-09-25,2016,09,25,61.7,51.2,9999.9,6.9,10.6,16.9,28.0,68.0,51.8,0.06,999.9,0
2016-09-26,2016,09,26,56.9,50.5,9999.9,6.3,6.0,13.0,17.1,64.6,49.3,0.0,999.9,0
2016-09-27,2016,09,27,60.4,55.8,9999.9,6.3,8.7,15.0,999.9,67.1,48.4,0.03,999.9,0
2016-09-28,2016,09,28,62.0,56.2,9999.9,5.9,11.3,15.0,24.1,72.0,53.6,0.0,999.9,0
2016-09-29,2016,09,29,61.6,53.6,9999.9,7.0,13.3,18.1,28.0,67.5,53.6,0.08,999.9,0
2016-09-30,2016,09,30,56.9,48.4,9999.9,6.4,8.3,15.9,24.1,66.2,50.0,99.99,999.9,0
2016-10-01,2016,10,01,52.7,49.7,9999.9,6.3,4.8,9.9,999.9,60.3,48.2,0.06,999.9,0
2016-10-02,2016,10,02,53.1,46.2,9999.9,6.2,4.9,8.0,999.9,62.8,44.6,0.17,999.9,0
2016-10-03,2016,10,03,52.7,42.4,9999.9,6.4,3.3,7.0,999.9,64.6,41.0,0.0,999.9,0
2016-10-04,2016,10,04,56.8,50.3,9999.9,6.4,9.5,17.1,26.0,65.7,48.2,0.0,999.9,0
2016-10-05,2016,10,05,56.2,44.7,9999.9,6.3,12.0,19.0,32.1,63.0,50.0,0.0,999.9,0
2016-10-06,2016,10,06,53.2,41.4,9999.9,6.7,7.7,15.0,25.1,60.8,46.4,0.0,999.9,0
2016-10-07,2016,10,07,55.2,48.9,9999.9,7.1,4.2,8.9,999.9,59.4,52.3,99.99,999.9,0
2016-10-08,2016,10,08,55.6,50.3,9999.9,6.4,4.5,8.9,999.9,61.2,51.8,99.99,999.9,0
2016-10-09,2016,10,09,52.4,45.1,9999.9,7.1,5.3,8.9,999.9,60.8,46.4,0.01,999.9,0
2016-10-10,2016,10,10,49.2,42.6,9999.9,7.0,4.3,8.0,999.9,57.2,41.0,99.99,999.9,0
2016-10-11,2016,10,11,50.4,43.4,9999.9,6.5,3.4,8.0,15.0,62.1,40.8,99.99,999.9,0
2016-10-12,2016,10,12,53.3,47.3,9999.9,6.1,6.2,12.0,999.9,59.2,48.2,0.01,999.9,0
2016-10-13,2016,10,13,51.4,45.0,9999.9,5.9,6.7,12.0,999.9,55.4,46.4,0.2,999.9,0
2016-10-14,2016,10,14,52.8,45.6,9999.9,6.3,5.5,8.9,999.9,58.3,48.2,0.0,999.9,0
2016-10-15,2016,10,15,54.2,48.5,9999.9,5.3,5.8,12.0,999.9,63.0,47.7,0.16,999.9,0
2016-10-16,2016,10,16,55.0,51.0,9999.9,6.3,8.2,15.0,27.0,64.4,45.1,0.24,999.9,1
2016-10-17,2016,10,17,54.3,49.9,9999.9,6.2,7.6,14.0,999.9,62.6,49.5,0.11,999.9,0
2016-10-18,2016,10,18,51.4,43.6,9999.9,6.3,10.1,15.9,27.0,57.2,48.2,0.01,999.9,0
2016-10-19,2016,10,19,52.0,44.1,9999.9,6.7,7.3,11.1,999.9,56.3,46.4,0.0,999.9,1
2016-10-20,2016,10,20,51.6,45.5,9999.9,6.7,5.8,11.1,999.9,59.0,46.4,99.99,999.9,0
2016-10-21,2016,10,21,50.7,44.9,9999.9,6.3,4.8,8.0,999.9,55.8,44.6,0.0,999.9,0
2016-10-22,2016,10,22,48.4,43.7,9999.9,5.6,3.7,8.0,999.9,57.2,41.0,99.99,999.9,0
2016-10-23,2016,10,23,49.3,43.0,9999.9,5.9,6.7,13.0,999.9,57.2,42.8,0.0,999.9,0
2016-10-24,2016,10,24,51.9,45.3,9999.9,6.3,6.0,8.9,999.9,55.8,48.2,99.99,999.9,1
2016-10-25,2016,10,25,51.8,48.3,9999.9,4.3,2.9,4.1,999.9,57.4,48.2,0.02,999.9,0
2016-10-26,2016,10,26,53.8,50.8,9999.9,3.7,6.8,12.0,999.9,61.2,48.2,99.99,999.9,1
2016-10-27,2016,10,27,52.9,49.2,9999.9,4.4,7.9,13.0,999.9,61.2,46.0,0.0,999.9,1
2016-10-28,2016,10,28,56.8,51.1,9999.9,6.8,6.9,13.0,999.9,62.6,50.0,0.0,999.9,0
2016-10-29,2016,10,29,55.8,52.7,9999.9,4.2,2.4,5.1,999.9,59.4,49.5,99.99,999.9,1
2016-10-30,2016,10,30,50.8,49.4,9999.9,1.2,2.8,7.0,999.9,53.6,46.4,99.99,999.9,1
2016-10-31,2016,10,31,54.7,50.8,9999.9,2.5,2.1,4.1,999.9,66.2,46.4,0.01,999.9,1
2016-11-01,2016,11,01,48.3,45.7,9999.9,3.2,3.8,8.9,999.9,54.7,42.8,0.0,999.9,1
2016-11-02,2016,11,02,43.4,37.0,9999.9,5.3,4.4,7.0,999.9,51.8,35.6,0.0,999.9,1
2016-11-03,2016,11,03,43.5,38.2,9999.9,6.0,5.0,12.0,999.9,53.6,35.1,99.99,999.9,0
2016-11-04,2016,11,04,46.7,43.5,9999.9,6.5,4.7,7.0,999.9,51.8,39.2,0.02,999.9,0
2016-11-05,2016,11,05,41.5,36.6,9999.9,5.8,6.8,12.0,999.9,48.2,35.2,0.22,999.9,0
2016-11-06,2016,11,06,39.9,33.4,9999.9,6.2,7.6,13.0,20.0,45.5,35.1,0.0,999.9,0
2016-11-07,2016,11,07,42.4,36.2,9999.9,6.6,7.6,12.0,26.0,46.8,35.6,0.06,999.9,0
2016-11-08,2016,11,08,37.6,33.1,9999.9,5.8,5.3,7.0,999.9,42.8,30.2,0.0,999.9,0
2016-11-09,2016,11,09,43.3,41.0,9999.9,5.4,8.4,15.9,27.0,49.1,37.4,0.66,999.9,0
2016-11-10,2016,11,10,43.9,40.4,9999.9,6.6,7.4,14.0,26.0,52.2,37.4,0.25,999.9,0
2016-11-12,2016,11,12,47.9,45.8,9999.9,4.7,5.3,9.9,999.9,51.8,36.9,0.35,999.9,0
2016-11-13,2016,11,13,46.2,42.1,9999.9,5.6,4.0,7.0,999.9,51.8,41.0,0.01,999.9,0
2016-11-14,2016,11,14,49.3,47.1,9999.9,5.8,7.2,14.0,999.9,55.4,41.0,0.01,999.9,0
2016-11-15,2016,11,15,56.6,54.2,9999.9,5.9,8.4,11.1,999.9,60.8,53.6,99.99,999.9,0
2016-11-16,2016,11,16,53.7,49.9,9999.9,7.0,11.5,17.1,28.0,57.2,48.2,0.01,999.9,0
2016-11-17,2016,11,17,48.0,42.2,9999.9,6.5,11.7,26.0,42.0,55.8,44.6,0.19,999.9,0
2016-11-18,2016,11,18,40.9,35.9,9999.9,6.9,9.7,15.0,999.9,51.8,35.6,0.03,999.9,0
2016-11-19,2016,11,19,40.2,36.7,9999.9,6.8,7.1,11.1,999.9,46.6,33.8,0.0,999.9,0
2016-11-20,2016,11,20,44.4,42.0,9999.9,5.4,9.9,18.1,26.0,48.2,41.0,0.68,999.9,0
2016-11-21,2016,11,21,47.8,46.9,9999.9,4.5,8.8,15.0,28.0,53.8,41.0,0.4,999.9,0
2016-11-22,2016,11,22,49.5,43.8,9999.9,6.2,11.5,20.0,30.9,53.6,42.8,0.46,999.9,0
2016-11-23,2016,11,23,46.2,44.7,9999.9,5.8,5.8,11.1,999.9,50.2,39.2,0.01,999.9,0
2016-11-24,2016,11,24,49.1,44.6,9999.9,6.4,10.0,14.0,27.0,50.9,44.6,0.0,999.9,0
2016-11-25,2016,11,25,45.5,37.3,9999.9,6.4,8.2,14.0,22.0,51.8,41.0,0.0,999.9,0
2016-11-26,2016,11,26,41.8,39.9,9999.9,5.4,4.3,8.9,999.9,48.2,35.6,0.0,999.9,1
2016-11-27,2016,11,27,44.4,39.6,9999.9,5.2,4.8,9.9,999.9,47.3,41.0,0.01,999.9,0
2016-11-28,2016,11,28,43.3,32.4,9999.9,6.3,7.8,15.0,999.9,48.2,35.6,0.0,999.9,0
2016-11-29,2016,11,29,35.2,27.5,9999.9,6.3,3.3,7.0,999.9,44.6,28.4,0.0,999.9,0
2016-11-30,2016,11,30,32.3,27.8,9999.9,5.3,3.4,6.0,999.9,44.6,24.8,0.0,999.9,0
2016-12-01,2016,12,01,35.0,30.3,9999.9,6.0,4.1,8.0,999.9,45.9,26.6,0.0,999.9,0
2016-12-02,2016,12,02,42.7,39.7,9999.9,5.7,2.3,5.1,999.9,46.4,37.4,99.99,999.9,0
2016-12-03,2016,12,03,42.3,35.9,9999.9,6.2,6.2,13.0,999.9,48.4,36.7,0.01,999.9,0
2016-12-04,2016,12,04,37.9,31.9,9999.9,6.2,5.7,11.1,999.9,46.4,32.0,0.0,999.9,0
2016-12-05,2016,12,05,37.4,34.7,9999.9,4.4,3.0,5.1,999.9,46.4,29.8,0.0,999.9,1
2016-12-06,2016,12,06,43.7,43.7,9999.9,1.5,3.7,8.0,999.9,50.9,34.9,0.0,999.9,1
2016-12-07,2016,12,07,51.4,49.8,9999.9,4.3,6.5,9.9,999.9,55.6,46.4,99.99,999.9,0
2016-12-08,2016,12,08,52.7,51.3,9999.9,5.3,8.0,14.0,999.9,55.6,48.4,99.99,999.9,0
2016-12-09,2016,12,09,53.6,52.5,9999.9,4.1,7.9,11.1,18.1,59.0,50.0,99.99,999.9,0
2016-12-10,2016,12,10,52.8,52.2,9999.9,5.0,8.4,15.0,27.0,56.3,44.6,0.03,999.9,0
2016-12-11,2016,12,11,43.8,42.7,9999.9,5.6,6.6,12.0,999.9,50.0,37.4,0.17,999.9,1
2016-12-12,2016,12,12,44.9,43.6,9999.9,4.4,5.7,9.9,999.9,51.8,35.6,0.0,999.9,1
2016-12-13,2016,12,13,50.9,50.4,9999.9,5.2,6.5,9.9,18.1,55.4,44.6,0.04,999.9,0
2016-12-14,2016,12,14,48.8,44.5,9999.9,4.5,4.9,11.1,999.9,57.2,42.8,0.01,999.9,1
2016-12-15,2016,12,15,47.6,46.5,9999.9,4.6,6.0,8.9,999.9,52.0,40.1,0.0,999.9,0
2016-12-16,2016,12,16,49.2,48.0,9999.9,3.7,3.6,7.0,999.9,50.9,44.6,0.0,999.9,0
2016-12-17,2016,12,17,43.3,43.1,9999.9,0.7,2.8,7.0,999.9,46.4,38.8,0.0,999.9,1
2016-12-18,2016,12,18,44.0,43.0,9999.9,2.1,3.3,7.0,999.9,45.5,42.8,0.0,999.9,1
2016-12-19,2016,12,19,42.1,41.1,9999.9,2.3,3.6,6.0,999.9,44.6,39.2,0.03,999.9,0
2016-12-20,2016,12,20,41.6,39.0,9999.9,4.3,5.9,8.9,999.9,44.8,39.2,0.0,999.9,0
2016-12-21,2016,12,21,48.5,47.0,9999.9,5.2,9.2,14.0,999.9,53.6,39.2,0.01,999.9,0
2016-12-22,2016,12,22,43.3,39.7,9999.9,4.6,5.6,9.9,999.9,50.9,35.6,0.01,999.9,1
2016-12-23,2016,12,23,47.3,45.8,9999.9,5.4,10.2,21.0,29.9,52.2,38.1,99.99,999.9,0
2016-12-24,2016,12,24,47.1,40.9,9999.9,6.1,12.1,18.1,27.0,50.0,41.0,0.06,999.9,0
2016-12-25,2016,12,25,53.2,47.9,9999.9,6.3,13.6,19.0,27.0,57.2,48.4,0.0,999.9,0
2016-12-26,2016,12,26,45.1,38.2,9999.9,7.1,9.7,15.0,22.0,54.0,35.6,0.04,999.9,0
2016-12-27,2016,12,27,36.3,33.2,9999.9,5.8,2.5,8.9,999.9,43.7,30.2,0.0,999.9,0
2016-12-28,2016,12,28,36.0,34.7,9999.9,4.0,2.9,7.0,999.9,46.4,28.0,0.01,999.9,1
2016-12-29,2016,12,29,36.0,34.6,9999.9,4.1,2.5,7.0,999.9,48.2,25.7,0.01,999.9,1
2016-12-30,2016,12,30,34.3,34.3,9999.9,0.2,3.2,6.0,999.9,37.8,30.0,0.01,999.9,1
2016-12-31,2016,12,31,42.8,42.5,9999.9,3.5,5.7,11.1,15.0,48.2,36.0,99.99,999.9,1