year,month,crime_month,major_category,total_crimes,avg_temp,avg_dewp,avg_visib,avg_wdsp,avg_mxpsd,avg_gust,avg_max_temp,avg_min_temp,avg_prcp,fog_days
2014,1,2014-01-01,Burglary,7910,44.59354838709677,40.44838709677419,5.974193548387097,9.367741935483872,16.23225806451613,466.0967741935484,50.074193548387086,38.55161290322581,0.1880645161290322,5
2014,1,2014-01-01,Criminal Damage,4464,44.59354838709677,40.44838709677419,5.974193548387097,9.367741935483872,16.23225806451613,466.0967741935484,50.074193548387086,38.55161290322581,0.1880645161290322,5
2014,1,2014-01-01,Drugs,4020,44.59354838709677,40.44838709677419,5.974193548387097,9.367741935483872,16.23225806451613,466.0967741935484,50.074193548387086,38.55161290322581,0.1880645161290322,5
2014,1,2014-01-01,Other Notifiable Offences,930,44.59354838709677,40.44838709677419,5.974193548387097,9.367741935483872,16.23225806451613,466.0967741935484,50.074193548387086,38.55161290322581,0.1880645161290322,5
2014,1,2014-01-01,Robbery,2165,44.59354838709677,40.44838709677419,5.974193548387097,9.367741935483872,16.23225806451613,466.0967741935484,50.074193548387086,38.55161290322581,0.1880645161290322,5
2014,1,2014-01-01,Theft and Handling,23285,44.59354838709677,40.44838709677419,5.974193548387097,9.367741935483872,16.23225806451613,466.0967741935484,50.074193548387086,38.55161290322581,0.1880645161290322,5
2014,1,2014-01-01,Violence Against the Person,12741,44.59354838709677,40.44838709677419,5.974193548387097,9.367741935483872,16.23225806451613,466.0967741935484,50.074193548387086,38.55161290322581,0.1880645161290322,5
2014,2,2014-02-01,Burglary,6767,45.41785714285714,38.94642857142857,6.542857142857144,12.246428571428572,20.125,308.4607142857143,51.110714285714295,39.592857142857135,0.1446428571428571,1
2014,2,2014-02-01,Criminal Damage,4236,45.41785714285714,38.94642857142857,6.542857142857144,12.246428571428572,20.125,308.4607142857143,51.110714285714295,39.592857142857135,0.1446428571428571,1
2014,2,2014-02-01,Drugs,3644,45.41785714285714,38.94642857142857,6.542857142857144,12.246428571428572,20.125,308.4607142857143,51.110714285714295,39.592857142857135,0.1446428571428571,1
2014,2,2014-02-01,Other Notifiable Offences,925,45.41785714285714,38.94642857142857,6.542857142857144,12.246428571428572,20.125,308.4607142857143,51.110714285714295,39.592857142857135,0.1446428571428571,1
2014,2,2014-02-01,Robbery,1878,45.41785714285714,38.94642857142857,6.542857142857144,12.246428571428572,20.125,308.4607142857143,51.110714285714295,39.592857142857135,0.1446428571428571,1
2014,2,2014-02-01,Theft and Handling,21715,45.41785714285714,38.94642857142857,6.542857142857144,12.246428571428572,20.125,308.4607142857143,51.110714285714295,39.592857142857135,0.1446428571428571,1
2014,2,2014-02-01,Violence Against the Person,12057,45.41785714285714,38.94642857142857,6.542857142857144,12.246428571428572,20.125,308.4607142857143,51.110714285714295,39.592857142857135,0.1446428571428571,1
2014,3,2014-03-01,Burglary,6720,48.1225806451613,39.5,37.70967741935483,7.651612903225806,13.958064516129031,716.6064516129032,57.52258064516128,39.906451612903226,0.0409677419354838,7
2014,3,2014-03-01,Criminal Damage,4846,48.1225806451613,39.5,37.70967741935483,7.651612903225806,13.958064516129031,716.6064516129032,57.52258064516128,39.906451612903226,0.0409677419354838,7
2014,3,2014-03-01,Drugs,4338,48.1225806451613,39.5,37.70967741935483,7.651612903225806,13.958064516129031,716.6064516129032,57.52258064516128,39.906451612903226,0.0409677419354838,7
2014,3,2014-03-01,Other Notifiable Offences,1088,48.1225806451613,39.5,37.70967741935483,7.651612903225806,13.958064516129031,716.6064516129032,57.52258064516128,39.906451612903226,0.0409677419354838,7
2014,3,2014-03-01,Robbery,1877,48.1225806451613,39.5,37.70967741935483,7.651612903225806,13.958064516129031,716.6064516129032,57.52258064516128,39.906451612903226,0.0409677419354838,7
2014,3,2014-03-01,Theft and Handling,24404,48.1225806451613,39.5,37.70967741935483,7.651612903225806,13.958064516129031,716.6064516129032,57.52258064516128,39.906451612903226,0.0409677419354838,7
2014,3,2014-03-01,Violence Against the Person,14396,48.1225806451613,39.5,37.70967741935483,7.651612903225806,13.958064516129031,716.6064516129032,57.52258064516128,39.906451612903226,0.0409677419354838,7
2014,4,2014-04-01,Burglary,5911,52.87,43.993333333333325,5.8133333333333335,7.263333333333333,12.493333333333334,804.8166666666666,61.07333333333333,44.89666666666666,0.074,4
2014,4,2014-04-01,Criminal Damage,4703,52.87,43.993333333333325,5.8133333333333335,7.263333333333333,12.493333333333334,804.8166666666666,61.07333333333333,44.89666666666666,0.074,4
2014,4,2014-04-01,Drugs,3871,52.87,43.993333333333325,5.8133333333333335,7.263333333333333,12.493333333333334,804.8166666666666,61.07333333333333,44.89666666666666,0.074,4
2014,4,2014-04-01,Other Notifiable Offences,1021,52.87,43.993333333333325,5.8133333333333335,7.263333333333333,12.493333333333334,804.8166666666666,61.07333333333333,44.89666666666666,0.074,4
2014,4,2014-04-01,Robbery,1723,52.87,43.993333333333325,5.8133333333333335,7.263333333333333,12.493333333333334,804.8166666666666,61.07333333333333,44.89666666666666,0.074,4
2014,4,2014-04-01,Theft and Handling,22665,52.87,43.993333333333325,5.8133333333333335,7.263333333333333,12.493333333333334,804.8166666666666,61.07333333333333,44.89666666666666,0.074,4
2014,4,2014-04-01,Violence Against the Person,13573,52.87,43.993333333333325,5.8133333333333335,7.263333333333333,12.493333333333334,804.8166666666666,61.07333333333333,44.89666666666666,0.074,4
2014,5,2014-05-01,Burglary,5832,56.64516129032258,46.7483870967742,38.38709677419355,7.832258064516128,13.135483870967745,591.4870967741936,64.39032258064516,48.816129032258075,0.1119354838709677,0
2014,5,2014-05-01,Criminal Damage,4945,56.64516129032258,46.7483870967742,38.38709677419355,7.832258064516128,13.135483870967745,591.4870967741936,64.39032258064516,48.816129032258075,0.1119354838709677,0
2014,5,2014-05-01,Drugs,3928,56.64516129032258,46.7483870967742,38.38709677419355,7.832258064516128,13.135483870967745,591.4870967741936,64.39032258064516,48.816129032258075,0.1119354838709677,0
2014,5,2014-05-01,Other Notifiable Offences,1105,56.64516129032258,46.7483870967742,38.38709677419355,7.832258064516128,13.135483870967745,591.4870967741936,64.39032258064516,48.816129032258075,0.1119354838709677,0
2014,5,2014-05-01,Robbery,1814,56.64516129032258,46.7483870967742,38.38709677419355,7.832258064516128,13.135483870967745,591.4870967741936,64.39032258064516,48.816129032258075,0.1119354838709677,0
2014,5,2014-05-01,Theft and Handling,23357,56.64516129032258,46.7483870967742,38.38709677419355,7.832258064516128,13.135483870967745,591.4870967741936,64.39032258064516,48.816129032258075,0.1119354838709677,0
2014,5,2014-05-01,Violence Against the Person,15346,56.64516129032258,46.7483870967742,38.38709677419355,7.832258064516128,13.135483870967745,591.4870967741936,64.39032258064516,48.816129032258075,0.1119354838709677,0
2014,6,2014-06-01,Burglary,5391,62.91333333333333,50.29,106.07333333333334,6.29,11.596666666666666,674.4000000000001,71.98333333333333,53.97,0.0533333333333333,1
2014,6,2014-06-01,Criminal Damage,5110,62.91333333333333,50.29,106.07333333333334,6.29,11.596666666666666,674.4000000000001,71.98333333333333,53.97,0.0533333333333333,1
2014,6,2014-06-01,Drugs,3763,62.91333333333333,50.29,106.07333333333334,6.29,11.596666666666666,674.4000000000001,71.98333333333333,53.97,0.0533333333333333,1
2014,6,2014-06-01,Other Notifiable Offences,1011,62.91333333333333,50.29,106.07333333333334,6.29,11.596666666666666,674.4000000000001,71.98333333333333,53.97,0.0533333333333333,1
2014,6,2014-06-01,Robbery,1842,62.91333333333333,50.29,106.07333333333334,6.29,11.596666666666666,674.4000000000001,71.98333333333333,53.97,0.0533333333333333,1
2014,6,2014-06-01,Theft and Handling,23441,62.91333333333333,50.29,106.07333333333334,6.29,11.596666666666666,674.4000000000001,71.98333333333333,53.97,0.0533333333333333,1
2014,6,2014-06-01,Violence Against the Person,16481,62.91333333333333,50.29,106.07333333333334,6.29,11.596666666666666,674.4000000000001,71.98333333333333,53.97,0.0533333333333333,1
2014,7,2014-07-01,Burglary,5701,67.72580645161291,55.20967741935484,70.88387096774193,6.661290322580646,12.241935483870968,684.3935483870968,78.03870967741936,58.63548387096774,0.0638709677419354,0
2014,7,2014-07-01,Criminal Damage,5164,67.72580645161291,55.20967741935484,70.88387096774193,6.661290322580646,12.241935483870968,684.3935483870968,78.03870967741936,58.63548387096774,0.0638709677419354,0
2014,7,2014-07-01,Drugs,3663,67.72580645161291,55.20967741935484,70.88387096774193,6.661290322580646,12.241935483870968,684.3935483870968,78.03870967741936,58.63548387096774,0.0638709677419354,0
2014,7,2014-07-01,Other Notifiable Offences,1257,67.72580645161291,55.20967741935484,70.88387096774193,6.661290322580646,12.241935483870968,684.3935483870968,78.03870967741936,58.63548387096774,0.0638709677419354,0
2014,7,2014-07-01,Robbery,1687,67.72580645161291,55.20967741935484,70.88387096774193,6.661290322580646,12.241935483870968,684.3935483870968,78.03870967741936,58.63548387096774,0.0638709677419354,0
2014,7,2014-07-01,Theft and Handling,23660,67.72580645161291,55.20967741935484,70.88387096774193,6.661290322580646,12.241935483870968,684.3935483870968,78.03870967741936,58.63548387096774,0.0638709677419354,0
2014,7,2014-07-01,Violence Against the Person,17432,67.72580645161291,55.20967741935484,70.88387096774193,6.661290322580646,12.241935483870968,684.3935483870968,78.03870967741936,58.63548387096774,0.0638709677419354,0
2014,8,2014-08-01,Burglary,5893,61.92903225806452,52.00322580645161,6.829032258064516,8.387096774193548,14.322580645161292,685.4645161290323,71.08709677419354,53.81612903225806,0.112258064516129,1
2014,8,2014-08-01,Criminal Damage,4925,61.92903225806452,52.00322580645161,6.829032258064516,8.387096774193548,14.322580645161292,685.4645161290323,71.08709677419354,53.81612903225806,0.112258064516129,1
2014,8,2014-08-01,Drugs,3569,61.92903225806452,52.00322580645161,6.829032258064516,8.387096774193548,14.322580645161292,685.4645161290323,71.08709677419354,53.81612903225806,0.112258064516129,1
2014,8,2014-08-01,Other Notifiable Offences,1068,61.92903225806452,52.00322580645161,6.829032258064516,8.387096774193548,14.322580645161292,685.4645161290323,71.08709677419354,53.81612903225806,0.112258064516129,1
2014,8,2014-08-01,Robbery,1744,61.92903225806452,52.00322580645161,6.829032258064516,8.387096774193548,14.322580645161292,685.4645161290323,71.08709677419354,53.81612903225806,0.112258064516129,1
2014,8,2014-08-01,Theft and Handling,22639,61.92903225806452,52.00322580645161,6.829032258064516,8.387096774193548,14.322580645161292,685.4645161290323,71.08709677419354,53.81612903225806,0.112258064516129,1
2014,8,2014-08-01,Violence Against the Person,15803,61.92903225806452,52.00322580645161,6.829032258064516,8.387096774193548,14.322580645161292,685.4645161290323,71.08709677419354,53.81612903225806,0.112258064516129,1
2014,9,2014-09-01,Burglary,5767,61.946666666666665,54.09,5.073333333333332,5.140000000000001,9.1,934.4433333333332,70.68333333333332,54.13,0.014,2
2014,9,2014-09-01,Criminal Damage,5095,61.946666666666665,54.09,5.073333333333332,5.140000000000001,9.1,934.4433333333332,70.68333333333332,54.13,0.014,2
2014,9,2014-09-01,Drugs,3177,61.946666666666665,54.09,5.073333333333332,5.140000000000001,9.1,934.4433333333332,70.68333333333332,54.13,0.014,2
2014,9,2014-09-01,Other Notifiable Offences,1245,61.946666666666665,54.09,5.073333333333332,5.140000000000001,9.1,934.4433333333332,70.68333333333332,54.13,0.014,2
2014,9,2014-09-01,Robbery,1743,61.946666666666665,54.09,5.073333333333332,5.140000000000001,9.1,934.4433333333332,70.68333333333332,54.13,0.014,2
2014,9,2014-09-01,Theft and Handling,23161,61.946666666666665,54.09,5.073333333333332,5.140000000000001,9.1,934.4433333333332,70.68333333333332,54.13,0.014,2
2014,9,2014-09-01,Violence Against the Person,16745,61.946666666666665,54.09,5.073333333333332,5.140000000000001,9.1,934.4433333333332,70.68333333333332,54.13,0.014,2
2014,10,2014-10-01,Burglary,6483,56.88709677419354,51.380645161290325,6.035483870967742,8.006451612903227,13.767741935483873,558.9419354838709,63.55483870967742,50.56774193548387,0.0974193548387096,4
2014,10,2014-10-01,Criminal Damage,5491,56.88709677419354,51.380645161290325,6.035483870967742,8.006451612903227,13.767741935483873,558.9419354838709,63.55483870967742,50.56774193548387,0.0974193548387096,4
2014,10,2014-10-01,Drugs,3671,56.88709677419354,51.380645161290325,6.035483870967742,8.006451612903227,13.767741935483873,558.9419354838709,63.55483870967742,50.56774193548387,0.0974193548387096,4
2014,10,2014-10-01,Other Notifiable Offences,1147,56.88709677419354,51.380645161290325,6.035483870967742,8.006451612903227,13.767741935483873,558.9419354838709,63.55483870967742,50.56774193548387,0.0974193548387096,4
2014,10,2014-10-01,Robbery,1941,56.88709677419354,51.380645161290325,6.035483870967742,8.006451612903227,13.767741935483873,558.9419354838709,63.55483870967742,50.56774193548387,0.0974193548387096,4
2014,10,2014-10-01,Theft and Handling,24507,56.88709677419354,51.380645161290325,6.035483870967742,8.006451612903227,13.767741935483873,558.9419354838709,63.55483870967742,50.56774193548387,0.0974193548387096,4
2014,10,2014-10-01,Violence Against the Person,17297,56.88709677419354,51.380645161290325,6.035483870967742,8.006451612903227,13.767741935483873,558.9419354838709,63.55483870967742,50.56774193548387,0.0974193548387096,4
2014,11,2014-11-01,Burglary,6873,49.38666666666667,45.8,5.01,6.370000000000001,11.086666666666666,837.1233333333333,54.633333333333326,43.32333333333333,0.1679999999999999,6
2014,11,2014-11-01,Criminal Damage,5281,49.38666666666667,45.8,5.01,6.370000000000001,11.086666666666666,837.1233333333333,54.633333333333326,43.32333333333333,0.1679999999999999,6
2014,11,2014-11-01,Drugs,3674,49.38666666666667,45.8,5.01,6.370000000000001,11.086666666666666,837.1233333333333,54.633333333333326,43.32333333333333,0.1679999999999999,6
2014,11,2014-11-01,Other Notifiable Offences,1166,49.38666666666667,45.8,5.01,6.370000000000001,11.086666666666666,837.1233333333333,54.633333333333326,43.32333333333333,0.1679999999999999,6
2014,11,2014-11-01,Robbery,1888,49.38666666666667,45.8,5.01,6.370000000000001,11.086666666666666,837.1233333333333,54.633333333333326,43.32333333333333,0.1679999999999999,6
2014,11,2014-11-01,Theft and Handling,23729,49.38666666666667,45.8,5.01,6.370000000000001,11.086666666666666,837.1233333333333,54.633333333333326,43.32333333333333,0.1679999999999999,6
2014,11,2014-11-01,Violence Against the Person,17093,49.38666666666667,45.8,5.01,6.370000000000001,11.086666666666666,837.1233333333333,54.633333333333326,43.32333333333333,0.1679999999999999,6
2014,12,2014-12-01,Burglary,6805,43.15806451612902,38.37741935483872,6.312903225806452,9.183870967741935,15.251612903225809,591.9806451612905,49.23225806451613,36.832258064516125,0.0483870967741935,2
2014,12,2014-12-01,Criminal Damage,5019,43.15806451612902,38.37741935483872,6.312903225806452,9.183870967741935,15.251612903225809,591.9806451612905,49.23225806451613,36.832258064516125,0.0483870967741935,2
2014,12,2014-12-01,Drugs,3117,43.15806451612902,38.37741935483872,6.312903225806452,9.183870967741935,15.251612903225809,591.9806451612905,49.23225806451613,36.832258064516125,0.0483870967741935,2
2014,12,2014-12-01,Other Notifiable Offences,1074,43.15806451612902,38.37741935483872,6.312903225806452,9.183870967741935,15.251612903225809,591.9806451612905,49.23225806451613,36.832258064516125,0.0483870967741935,2
2014,12,2014-12-01,Robbery,1848,43.15806451612902,38.37741935483872,6.312903225806452,9.183870967741935,15.251612903225809,591.9806451612905,49.23225806451613,36.832258064516125,0.0483870967741935,2
2014,12,2014-12-01,Theft and Handling,23317,43.15806451612902,38.37741935483872,6.312903225806452,9.183870967741935,15.251612903225809,591.9806451612905,49.23225806451613,36.832258064516125,0.0483870967741935,2
2014,12,2014-12-01,Violence Against the Person,16385,43.15806451612902,38.37741935483872,6.312903225806452,9.183870967741935,15.251612903225809,591.9806451612905,49.23225806451613,36.832258064516125,0.0483870967741935,2
2015,1,2015-01-01,Burglary,6521,41.92903225806453,36.84516129032258,6.096774193548387,9.56774193548387,16.170967741935485,529.9096774193548,47.86451612903226,34.30967741935484,0.0770967741935483,2
2015,1,2015-01-01,Criminal Damage,4823,41.92903225806453,36.84516129032258,6.096774193548387,9.56774193548387,16.170967741935485,529.9096774193548,47.86451612903226,34.30967741935484,0.0770967741935483,2
2015,1,2015-01-01,Drugs,3690,41.92903225806453,36.84516129032258,6.096774193548387,9.56774193548387,16.170967741935485,529.9096774193548,47.86451612903226,34.30967741935484,0.0770967741935483,2
2015,1,2015-01-01,Other Notifiable Offences,1054,41.92903225806453,36.84516129032258,6.096774193548387,9.56774193548387,16.170967741935485,529.9096774193548,47.86451612903226,34.30967741935484,0.0770967741935483,2
2015,1,2015-01-01,Robbery,1795,41.92903225806453,36.84516129032258,6.096774193548387,9.56774193548387,16.170967741935485,529.9096774193548,47.86451612903226,34.30967741935484,0.0770967741935483,2
2015,1,2015-01-01,Theft and Handling,22985,41.92903225806453,36.84516129032258,6.096774193548387,9.56774193548387,16.170967741935485,529.9096774193548,47.86451612903226,34.30967741935484,0.0770967741935483,2
2015,1,2015-01-01,Violence Against the Person,16187,41.92903225806453,36.84516129032258,6.096774193548387,9.56774193548387,16.170967741935485,529.9096774193548,47.86451612903226,34.30967741935484,0.0770967741935483,2
2015,2,2015-02-01,Burglary,5974,40.80714285714285,35.192857142857136,6.078571428571427,7.139285714285713,12.028571428571428,651.8678571428572,46.375,34.364285714285714,0.0571428571428571,2
2015,2,2015-02-01,Criminal Damage,4628,40.80714285714285,35.192857142857136,6.078571428571427,7.139285714285713,12.028571428571428,651.8678571428572,46.375,34.364285714285714,0.0571428571428571,2
2015,2,2015-02-01,Drugs,3302,40.80714285714285,35.192857142857136,6.078571428571427,7.139285714285713,12.028571428571428,651.8678571428572,46.375,34.364285714285714,0.0571428571428571,2
2015,2,2015-02-01,Other Notifiable Offences,1067,40.80714285714285,35.192857142857136,6.078571428571427,7.139285714285713,12.028571428571428,651.8678571428572,46.375,34.364285714285714,0.0571428571428571,2
2015,2,2015-02-01,Robbery,1644,40.80714285714285,35.192857142857136,6.078571428571427,7.139285714285713,12.028571428571428,651.8678571428572,46.375,34.364285714285714,0.0571428571428571,2
2015,2,2015-02-01,Theft and Handling,21243,40.80714285714285,35.192857142857136,6.078571428571427,7.139285714285713,12.028571428571428,651.8678571428572,46.375,34.364285714285714,0.0571428571428571,2
2015,2,2015-02-01,Violence Against the Person,15458,40.80714285714285,35.192857142857136,6.078571428571427,7.139285714285713,12.028571428571428,651.8678571428572,46.375,34.364285714285714,0.0571428571428571,2
2015,3,2015-03-01,Burglary,6336,45.7258064516129,36.906451612903226,38.0225806451613,8.925806451612903,14.919354838709678,687.5806451612904,52.92903225806452,38.68064516129033,0.0329032258064516,0
2015,3,2015-03-01,Criminal Damage,5364,45.7258064516129,36.906451612903226,38.0225806451613,8.925806451612903,14.919354838709678,687.5806451612904,52.92903225806452,38.68064516129033,0.0329032258064516,0
2015,3,2015-03-01,Drugs,3237,45.7258064516129,36.906451612903226,38.0225806451613,8.925806451612903,14.919354838709678,687.5806451612904,52.92903225806452,38.68064516129033,0.0329032258064516,0
2015,3,2015-03-01,Other Notifiable Offences,1147,45.7258064516129,36.906451612903226,38.0225806451613,8.925806451612903,14.919354838709678,687.5806451612904,52.92903225806452,38.68064516129033,0.0329032258064516,0
2015,3,2015-03-01,Robbery,1862,45.7258064516129,36.906451612903226,38.0225806451613,8.925806451612903,14.919354838709678,687.5806451612904,52.92903225806452,38.68064516129033,0.0329032258064516,0
2015,3,2015-03-01,Theft and Handling,24490,45.7258064516129,36.906451612903226,38.0225806451613,8.925806451612903,14.919354838709678,687.5806451612904,52.92903225806452,38.68064516129033,0.0329032258064516,0
2015,3,2015-03-01,Violence Against the Person,17660,45.7258064516129,36.906451612903226,38.0225806451613,8.925806451612903,14.919354838709678,687.5806451612904,52.92903225806452,38.68064516129033,0.0329032258064516,0
2015,4,2015-04-01,Burglary,5437,51.18666666666667,39.93333333333334,105.82999999999998,7.47,13.03,772.3966666666665,61.38,42.036666666666655,0.021,2
2015,4,2015-04-01,Criminal Damage,5284,51.18666666666667,39.93333333333334,105.82999999999998,7.47,13.03,772.3966666666665,61.38,42.036666666666655,0.021,2
2015,4,2015-04-01,Drugs,3057,51.18666666666667,39.93333333333334,105.82999999999998,7.47,13.03,772.3966666666665,61.38,42.036666666666655,0.021,2
2015,4,2015-04-01,Other Notifiable Offences,1135,51.18666666666667,39.93333333333334,105.82999999999998,7.47,13.03,772.3966666666665,61.38,42.036666666666655,0.021,2
2015,4,2015-04-01,Robbery,1782,51.18666666666667,39.93333333333334,105.82999999999998,7.47,13.03,772.3966666666665,61.38,42.036666666666655,0.021,2
2015,4,2015-04-01,Theft and Handling,23171,51.18666666666667,39.93333333333334,105.82999999999998,7.47,13.03,772.3966666666665,61.38,42.036666666666655,0.021,2
2015,4,2015-04-01,Violence Against the Person,16579,51.18666666666667,39.93333333333334,105.82999999999998,7.47,13.03,772.3966666666665,61.38,42.036666666666655,0.021,2
2015,5,2015-05-01,Burglary,5559,55.03548387096775,43.65161290322581,6.8032258064516125,9.638709677419351,15.63225806451613,592.0064516129033,63.6032258064516,46.648387096774194,0.0335483870967741,0
2015,5,2015-05-01,Criminal Damage,5539,55.03548387096775,43.65161290322581,6.8032258064516125,9.638709677419351,15.63225806451613,592.0064516129033,63.6032258064516,46.648387096774194,0.0335483870967741,0
2015,5,2015-05-01,Drugs,3082,55.03548387096775,43.65161290322581,6.8032258064516125,9.638709677419351,15.63225806451613,592.0064516129033,63.6032258064516,46.648387096774194,0.0335483870967741,0
2015,5,2015-05-01,Other Notifiable Offences,1169,55.03548387096775,43.65161290322581,6.8032258064516125,9.638709677419351,15.63225806451613,592.0064516129033,63.6032258064516,46.648387096774194,0.0335483870967741,0
2015,5,2015-05-01,Robbery,1889,55.03548387096775,43.65161290322581,6.8032258064516125,9.638709677419351,15.63225806451613,592.0064516129033,63.6032258064516,46.648387096774194,0.0335483870967741,0
2015,5,2015-05-01,Theft and Handling,24818,55.03548387096775,43.65161290322581,6.8032258064516125,9.638709677419351,15.63225806451613,592.0064516129033,63.6032258064516,46.648387096774194,0.0335483870967741,0
2015,5,2015-05-01,Violence Against the Person,18982,55.03548387096775,43.65161290322581,6.8032258064516125,9.638709677419351,15.63225806451613,592.0064516129033,63.6032258064516,46.648387096774194,0.0335483870967741,0
2015,6,2015-06-01,Burglary,5289,61.563333333333325,47.65333333333333,40.36,8.436666666666667,13.716666666666669,609.07,71.88666666666668,51.9,0.0166666666666666,0
2015,6,2015-06-01,Criminal Damage,5461,61.563333333333325,47.65333333333333,40.36,8.436666666666667,13.716666666666669,609.07,71.88666666666668,51.9,0.0166666666666666,0
2015,6,2015-06-01,Drugs,3248,61.563333333333325,47.65333333333333,40.36,8.436666666666667,13.716666666666669,609.07,71.88666666666668,51.9,0.0166666666666666,0
2015,6,2015-06-01,Other Notifiable Offences,1268,61.563333333333325,47.65333333333333,40.36,8.436666666666667,13.716666666666669,609.07,71.88666666666668,51.9,0.0166666666666666,0
2015,6,2015-06-01,Robbery,1711,61.563333333333325,47.65333333333333,40.36,8.436666666666667,13.716666666666669,609.07,71.88666666666668,51.9,0.0166666666666666,0
2015,6,2015-06-01,Theft and Handling,24628,61.563333333333325,47.65333333333333,40.36,8.436666666666667,13.716666666666669,609.07,71.88666666666668,51.9,0.0166666666666666,0
2015,6,2015-06-01,Violence Against the Person,19155,61.563333333333325,47.65333333333333,40.36,8.436666666666667,13.716666666666669,609.07,71.88666666666668,51.9,0.0166666666666666,0
2015,7,2015-07-01,Burglary,5400,64.94516129032259,51.9483870967742,70.9548387096774,8.893548387096773,14.919354838709678,527.3967741935484,74.55483870967743,56.44516129032258,0.0912903225806451,0
2015,7,2015-07-01,Criminal Damage,5597,64.94516129032259,51.9483870967742,70.9548387096774,8.893548387096773,14.919354838709678,527.3967741935484,74.55483870967743,56.44516129032258,0.0912903225806451,0
2015,7,2015-07-01,Drugs,3467,64.94516129032259,51.9483870967742,70.9548387096774,8.893548387096773,14.919354838709678,527.3967741935484,74.55483870967743,56.44516129032258,0.0912903225806451,0
2015,7,2015-07-01,Other Notifiable Offences,1291,64.94516129032259,51.9483870967742,70.9548387096774,8.893548387096773,14.919354838709678,527.3967741935484,74.55483870967743,56.44516129032258,0.0912903225806451,0
2015,7,2015-07-01,Robbery,1789,64.94516129032259,51.9483870967742,70.9548387096774,8.893548387096773,14.919354838709678,527.3967741935484,74.55483870967743,56.44516129032258,0.0912903225806451,0
2015,7,2015-07-01,Theft and Handling,24324,64.94516129032259,51.9483870967742,70.9548387096774,8.893548387096773,14.919354838709678,527.3967741935484,74.55483870967743,56.44516129032258,0.0912903225806451,0
2015,7,2015-07-01,Violence Against the Person,19738,64.94516129032259,51.9483870967742,70.9548387096774,8.893548387096773,14.919354838709678,527.3967741935484,74.55483870967743,56.44516129032258,0.0912903225806451,0
2015,8,2015-08-01,Burglary,5372,64.10322580645162,54.30967741935484,38.6258064516129,7.245161290322579,12.438709677419356,589.7290322580645,72,56.62903225806452,0.13451612903225801,2
2015,8,2015-08-01,Criminal Damage,5163,64.10322580645162,54.30967741935484,38.6258064516129,7.245161290322579,12.438709677419356,589.7290322580645,72,56.62903225806452,0.13451612903225801,2
2015,8,2015-08-01,Drugs,3451,64.10322580645162,54.30967741935484,38.6258064516129,7.245161290322579,12.438709677419356,589.7290322580645,72,56.62903225806452,0.13451612903225801,2
2015,8,2015-08-01,Other Notifiable Offences,1223,64.10322580645162,54.30967741935484,38.6258064516129,7.245161290322579,12.438709677419356,589.7290322580645,72,56.62903225806452,0.13451612903225801,2
2015,8,2015-08-01,Robbery,1758,64.10322580645162,54.30967741935484,38.6258064516129,7.245161290322579,12.438709677419356,589.7290322580645,72,56.62903225806452,0.13451612903225801,2
2015,8,2015-08-01,Theft and Handling,22611,64.10322580645162,54.30967741935484,38.6258064516129,7.245161290322579,12.438709677419356,589.7290322580645,72,56.62903225806452,0.13451612903225801,2
2015,8,2015-08-01,Violence Against the Person,18478,64.10322580645162,54.30967741935484,38.6258064516129,7.245161290322579,12.438709677419356,589.7290322580645,72,56.62903225806452,0.13451612903225801,2
2015,9,2015-09-01,Burglary,5419,57.023333333333326,48.94,6.586666666666666,6.65,11.68,902.7066666666666,65.55,49.22333333333333,0.0806666666666666,1
2015,9,2015-09-01,Criminal Damage,4903,57.023333333333326,48.94,6.586666666666666,6.65,11.68,902.7066666666666,65.55,49.22333333333333,0.0806666666666666,1
2015,9,2015-09-01,Drugs,3363,57.023333333333326,48.94,6.586666666666666,6.65,11.68,902.7066666666666,65.55,49.22333333333333,0.0806666666666666,1
2015,9,2015-09-01,Other Notifiable Offences,1266,57.023333333333326,48.94,6.586666666666666,6.65,11.68,902.7066666666666,65.55,49.22333333333333,0.0806666666666666,1
2015,9,2015-09-01,Robbery,1721,57.023333333333326,48.94,6.586666666666666,6.65,11.68,902.7066666666666,65.55,49.22333333333333,0.0806666666666666,1
2015,9,2015-09-01,Theft and Handling,22602,57.023333333333326,48.94,6.586666666666666,6.65,11.68,902.7066666666666,65.55,49.22333333333333,0.0806666666666666,1
2015,9,2015-09-01,Violence Against the Person,18290,57.023333333333326,48.94,6.586666666666666,6.65,11.68,902.7066666666666,65.55,49.22333333333333,0.0806666666666666,1
2015,10,2015-10-01,Burglary,5941,53.80645161290323,48.16129032258064,5.780645161290321,6.025806451612903,10.145161290322582,873.3354838709677,60.58387096774193,47.40967741935484,0.0509677419354838,3
2015,10,2015-10-01,Criminal Damage,5383,53.80645161290323,48.16129032258064,5.780645161290321,6.025806451612903,10.145161290322582,873.3354838709677,60.58387096774193,47.40967741935484,0.0509677419354838,3
2015,10,2015-10-01,Drugs,3618,53.80645161290323,48.16129032258064,5.780645161290321,6.025806451612903,10.145161290322582,873.3354838709677,60.58387096774193,47.40967741935484,0.0509677419354838,3
2015,10,2015-10-01,Other Notifiable Offences,1259,53.80645161290323,48.16129032258064,5.780645161290321,6.025806451612903,10.145161290322582,873.3354838709677,60.58387096774193,47.40967741935484,0.0509677419354838,3
2015,10,2015-10-01,Robbery,1812,53.80645161290323,48.16129032258064,5.780645161290321,6.025806451612903,10.145161290322582,873.3354838709677,60.58387096774193,47.40967741935484,0.0509677419354838,3
2015,10,2015-10-01,Theft and Handling,24475,53.80645161290323,48.16129032258064,5.780645161290321,6.025806451612903,10.145161290322582,873.3354838709677,60.58387096774193,47.40967741935484,0.0509677419354838,3
2015,10,2015-10-01,Violence Against the Person,19873,53.80645161290323,48.16129032258064,5.780645161290321,6.025806451612903,10.145161290322582,873.3354838709677,60.58387096774193,47.40967741935484,0.0509677419354838,3
2015,11,2015-11-01,Burglary,6783,51.49666666666667,46.723333333333336,5.653333333333332,10.496666666666666,17.336666666666666,418.78,56.25333333333334,46.35,0.0616666666666666,3
2015,11,2015-11-01,Criminal Damage,5435,51.49666666666667,46.723333333333336,5.653333333333332,10.496666666666666,17.336666666666666,418.78,56.25333333333334,46.35,0.0616666666666666,3
2015,11,2015-11-01,Drugs,3231,51.49666666666667,46.723333333333336,5.653333333333332,10.496666666666666,17.336666666666666,418.78,56.25333333333334,46.35,0.0616666666666666,3
2015,11,2015-11-01,Other Notifiable Offences,1196,51.49666666666667,46.723333333333336,5.653333333333332,10.496666666666666,17.336666666666666,418.78,56.25333333333334,46.35,0.0616666666666666,3
2015,11,2015-11-01,Robbery,1864,51.49666666666667,46.723333333333336,5.653333333333332,10.496666666666666,17.336666666666666,418.78,56.25333333333334,46.35,0.0616666666666666,3
2015,11,2015-11-01,Theft and Handling,24719,51.49666666666667,46.723333333333336,5.653333333333332,10.496666666666666,17.336666666666666,418.78,56.25333333333334,46.35,0.0616666666666666,3
2015,11,2015-11-01,Violence Against the Person,19259,51.49666666666667,46.723333333333336,5.653333333333332,10.496666666666666,17.336666666666666,418.78,56.25333333333334,46.35,0.0616666666666666,3
2015,12,2015-12-01,Burglary,6458,52.63,47.09,6.096666666666667,11.806666666666668,18.476666666666667,319.97,56.63999999999999,47.66666666666666,0.0416666666666666,0
2015,12,2015-12-01,Criminal Damage,5396,52.63,47.09,6.096666666666667,11.806666666666668,18.476666666666667,319.97,56.63999999999999,47.66666666666666,0.0416666666666666,0
2015,12,2015-12-01,Drugs,3039,52.63,47.09,6.096666666666667,11.806666666666668,18.476666666666667,319.97,56.63999999999999,47.66666666666666,0.0416666666666666,0
2015,12,2015-12-01,Other Notifiable Offences,1154,52.63,47.09,6.096666666666667,11.806666666666668,18.476666666666667,319.97,56.63999999999999,47.66666666666666,0.0416666666666666,0
2015,12,2015-12-01,Robbery,1756,52.63,47.09,6.096666666666667,11.806666666666668,18.476666666666667,319.97,56.63999999999999,47.66666666666666,0.0416666666666666,0
2015,12,2015-12-01,Theft and Handling,23956,52.63,47.09,6.096666666666667,11.806666666666668,18.476666666666667,319.97,56.63999999999999,47.66666666666666,0.0416666666666666,0
2015,12,2015-12-01,Violence Against the Person,19081,52.63,47.09,6.096666666666667,11.806666666666668,18.476666666666667,319.97,56.63999999999999,47.66666666666666,0.0416666666666666,0
2016,1,2016-01-01,Burglary,6302,43.59032258064517,38.92903225806452,6,9.403225806451612,15.403225806451614,434.4387096774193,48.81935483870968,37.40645161290322,6.545483870967743,3
2016,1,2016-01-01,Criminal Damage,5049,43.59032258064517,38.92903225806452,6,9.403225806451612,15.403225806451614,434.4387096774193,48.81935483870968,37.40645161290322,6.545483870967743,3
2016,1,2016-01-01,Drugs,3828,43.59032258064517,38.92903225806452,6,9.403225806451612,15.403225806451614,434.4387096774193,48.81935483870968,37.40645161290322,6.545483870967743,3
2016,1,2016-01-01,Other Notifiable Offences,1276,43.59032258064517,38.92903225806452,6,9.403225806451612,15.403225806451614,434.4387096774193,48.81935483870968,37.40645161290322,6.545483870967743,3
2016,1,2016-01-01,Robbery,1810,43.59032258064517,38.92903225806452,6,9.403225806451612,15.403225806451614,434.4387096774193,48.81935483870968,37.40645161290322,6.545483870967743,3
2016,1,2016-01-01,Theft and Handling,22316,43.59032258064517,38.92903225806452,6,9.403225806451612,15.403225806451614,434.4387096774193,48.81935483870968,37.40645161290322,6.545483870967743,3
2016,1,2016-01-01,Violence Against the Person,18266,43.59032258064517,38.92903225806452,6,9.403225806451612,15.403225806451614,434.4387096774193,48.81935483870968,37.40645161290322,6.545483870967743,3
2016,2,2016-02-01,Burglary,5841,42.99655172413793,35.37586206896552,6.3517241379310345,9.641379310344826,16.38965517241379,531.7724137931035,48.61034482758621,36.63793103448276,6.961724137931034,0
2016,2,2016-02-01,Criminal Damage,5010,42.99655172413793,35.37586206896552,6.3517241379310345,9.641379310344826,16.38965517241379,531.7724137931035,48.61034482758621,36.63793103448276,6.961724137931034,0
2016,2,2016-02-01,Drugs,3397,42.99655172413793,35.37586206896552,6.3517241379310345,9.641379310344826,16.38965517241379,531.7724137931035,48.61034482758621,36.63793103448276,6.961724137931034,0
2016,2,2016-02-01,Other Notifiable Offences,1133,42.99655172413793,35.37586206896552,6.3517241379310345,9.641379310344826,16.38965517241379,531.7724137931035,48.61034482758621,36.63793103448276,6.961724137931034,0
2016,2,2016-02-01,Robbery,1646,42.99655172413793,35.37586206896552,6.3517241379310345,9.641379310344826,16.38965517241379,531.7724137931035,48.61034482758621,36.63793103448276,6.961724137931034,0
2016,2,2016-02-01,Theft and Handling,22028,42.99655172413793,35.37586206896552,6.3517241379310345,9.641379310344826,16.38965517241379,531.7724137931035,48.61034482758621,36.63793103448276,6.961724137931034,0
2016,2,2016-02-01,Violence Against the Person,17642,42.99655172413793,35.37586206896552,6.3517241379310345,9.641379310344826,16.38965517241379,531.7724137931035,48.61034482758621,36.63793103448276,6.961724137931034,0
2016,3,2016-03-01,Burglary,5804,44.27096774193548,36.28709677419356,5.7064516129032254,7.9645161290322575,14.267741935483873,593.5870967741935,50.99032258064516,37.79032258064516,12.996451612903224,5
2016,3,2016-03-01,Criminal Damage,5092,44.27096774193548,36.28709677419356,5.7064516129032254,7.9645161290322575,14.267741935483873,593.5870967741935,50.99032258064516,37.79032258064516,12.996451612903224,5
2016,3,2016-03-01,Drugs,3324,44.27096774193548,36.28709677419356,5.7064516129032254,7.9645161290322575,14.267741935483873,593.5870967741935,50.99032258064516,37.79032258064516,12.996451612903224,5
2016,3,2016-03-01,Other Notifiable Offences,1256,44.27096774193548,36.28709677419356,5.7064516129032254,7.9645161290322575,14.267741935483873,593.5870967741935,50.99032258064516,37.79032258064516,12.996451612903224,5
2016,3,2016-03-01,Robbery,1711,44.27096774193548,36.28709677419356,5.7064516129032254,7.9645161290322575,14.267741935483873,593.5870967741935,50.99032258064516,37.79032258064516,12.996451612903224,5
2016,3,2016-03-01,Theft and Handling,23117,44.27096774193548,36.28709677419356,5.7064516129032254,7.9645161290322575,14.267741935483873,593.5870967741935,50.99032258064516,37.79032258064516,12.996451612903224,5
2016,3,2016-03-01,Violence Against the Person,18863,44.27096774193548,36.28709677419356,5.7064516129032254,7.9645161290322575,14.267741935483873,593.5870967741935,50.99032258064516,37.79032258064516,12.996451612903224,5
2016,4,2016-04-01,Burglary,5335,47.896666666666654,37.806666666666665,6.446666666666667,7.643333333333333,13.243333333333334,642.34,55.66666666666666,39.80333333333334,3.398333333333333,2
2016,4,2016-04-01,Criminal Damage,5224,47.896666666666654,37.806666666666665,6.446666666666667,7.643333333333333,13.243333333333334,642.34,55.66666666666666,39.80333333333334,3.398333333333333,2
2016,4,2016-04-01,Drugs,3389,47.896666666666654,37.806666666666665,6.446666666666667,7.643333333333333,13.243333333333334,642.34,55.66666666666666,39.80333333333334,3.398333333333333,2
2016,4,2016-04-01,Other Notifiable Offences,1302,47.896666666666654,37.806666666666665,6.446666666666667,7.643333333333333,13.243333333333334,642.34,55.66666666666666,39.80333333333334,3.398333333333333,2
2016,4,2016-04-01,Robbery,1570,47.896666666666654,37.806666666666665,6.446666666666667,7.643333333333333,13.243333333333334,642.34,55.66666666666666,39.80333333333334,3.398333333333333,2
2016,4,2016-04-01,Theft and Handling,23149,47.896666666666654,37.806666666666665,6.446666666666667,7.643333333333333,13.243333333333334,642.34,55.66666666666666,39.80333333333334,3.398333333333333,2
2016,4,2016-04-01,Violence Against the Person,18668,47.896666666666654,37.806666666666665,6.446666666666667,7.643333333333333,13.243333333333334,642.34,55.66666666666666,39.80333333333334,3.398333333333333,2
2016,5,2016-05-01,Burglary,5404,57.074193548387086,46.40322580645161,6.2064516129032254,7.219354838709677,12.370967741935484,653.3838709677419,65.35806451612902,48.854838709677416,16.203870967741935,2
2016,5,2016-05-01,Criminal Damage,5967,57.074193548387086,46.40322580645161,6.2064516129032254,7.219354838709677,12.370967741935484,653.3838709677419,65.35806451612902,48.854838709677416,16.203870967741935,2
2016,5,2016-05-01,Drugs,3276,57.074193548387086,46.40322580645161,6.2064516129032254,7.219354838709677,12.370967741935484,653.3838709677419,65.35806451612902,48.854838709677416,16.203870967741935,2
2016,5,2016-05-01,Other Notifiable Offences,1543,57.074193548387086,46.40322580645161,6.2064516129032254,7.219354838709677,12.370967741935484,653.3838709677419,65.35806451612902,48.854838709677416,16.203870967741935,2
2016,5,2016-05-01,Robbery,1787,57.074193548387086,46.40322580645161,6.2064516129032254,7.219354838709677,12.370967741935484,653.3838709677419,65.35806451612902,48.854838709677416,16.203870967741935,2
2016,5,2016-05-01,Theft and Handling,25374,57.074193548387086,46.40322580645161,6.2064516129032254,7.219354838709677,12.370967741935484,653.3838709677419,65.35806451612902,48.854838709677416,16.203870967741935,2
2016,5,2016-05-01,Violence Against the Person,20639,57.074193548387086,46.40322580645161,6.2064516129032254,7.219354838709677,12.370967741935484,653.3838709677419,65.35806451612902,48.854838709677416,16.203870967741935,2
2016,6,2016-06-01,Burglary,5381,61.056666666666665,54.103333333333325,6.246666666666667,6.906666666666665,11.826666666666666,739.6533333333333,68.28333333333333,54.49,3.4610000000000003,0
2016,6,2016-06-01,Criminal Damage,5338,61.056666666666665,54.103333333333325,6.246666666666667,6.906666666666665,11.826666666666666,739.6533333333333,68.28333333333333,54.49,3.4610000000000003,0
2016,6,2016-06-01,Drugs,3041,61.056666666666665,54.103333333333325,6.246666666666667,6.906666666666665,11.826666666666666,739.6533333333333,68.28333333333333,54.49,3.4610000000000003,0
2016,6,2016-06-01,Other Notifiable Offences,1432,61.056666666666665,54.103333333333325,6.246666666666667,6.906666666666665,11.826666666666666,739.6533333333333,68.28333333333333,54.49,3.4610000000000003,0
2016,6,2016-06-01,Robbery,1885,61.056666666666665,54.103333333333325,6.246666666666667,6.906666666666665,11.826666666666666,739.6533333333333,68.28333333333333,54.49,3.4610000000000003,0
2016,6,2016-06-01,Theft and Handling,24722,61.056666666666665,54.103333333333325,6.246666666666667,6.906666666666665,11.826666666666666,739.6533333333333,68.28333333333333,54.49,3.4610000000000003,0
2016,6,2016-06-01,Violence Against the Person,20463,61.056666666666665,54.103333333333325,6.246666666666667,6.906666666666665,11.826666666666666,739.6533333333333,68.28333333333333,54.49,3.4610000000000003,0
2016,7,2016-07-01,Burglary,5387,65.70645161290324,54.84193548387097,6.77741935483871,8.04516129032258,12.829032258064515,558.983870967742,74.1,57.3741935483871,19.37354838709677,0
2016,7,2016-07-01,Criminal Damage,5773,65.70645161290324,54.84193548387097,6.77741935483871,8.04516129032258,12.829032258064515,558.983870967742,74.1,57.3741935483871,19.37354838709677,0
2016,7,2016-07-01,Drugs,3372,65.70645161290324,54.84193548387097,6.77741935483871,8.04516129032258,12.829032258064515,558.983870967742,74.1,57.3741935483871,19.37354838709677,0
2016,7,2016-07-01,Other Notifiable Offences,1457,65.70645161290324,54.84193548387097,6.77741935483871,8.04516129032258,12.829032258064515,558.983870967742,74.1,57.3741935483871,19.37354838709677,0
2016,7,2016-07-01,Robbery,1960,65.70645161290324,54.84193548387097,6.77741935483871,8.04516129032258,12.829032258064515,558.983870967742,74.1,57.3741935483871,19.37354838709677,0
2016,7,2016-07-01,Theft and Handling,25837,65.70645161290324,54.84193548387097,6.77741935483871,8.04516129032258,12.829032258064515,558.983870967742,74.1,57.3741935483871,19.37354838709677,0
2016,7,2016-07-01,Violence Against the Person,21733,65.70645161290324,54.84193548387097,6.77741935483871,8.04516129032258,12.829032258064515,558.983870967742,74.1,57.3741935483871,19.37354838709677,0
2016,8,2016-08-01,Burglary,5406,66.37096774193549,54.877419354838715,6.529032258064516,8.009677419354839,13.122580645161293,716.6096774193549,75.64838709677417,57.86129032258064,19.381290322580643,2
2016,8,2016-08-01,Criminal Damage,5584,66.37096774193549,54.877419354838715,6.529032258064516,8.009677419354839,13.122580645161293,716.6096774193549,75.64838709677417,57.86129032258064,19.381290322580643,2
2016,8,2016-08-01,Drugs,3442,66.37096774193549,54.877419354838715,6.529032258064516,8.009677419354839,13.122580645161293,716.6096774193549,75.64838709677417,57.86129032258064,19.381290322580643,2
2016,8,2016-08-01,Other Notifiable Offences,1386,66.37096774193549,54.877419354838715,6.529032258064516,8.009677419354839,13.122580645161293,716.6096774193549,75.64838709677417,57.86129032258064,19.381290322580643,2
2016,8,2016-08-01,Robbery,1910,66.37096774193549,54.877419354838715,6.529032258064516,8.009677419354839,13.122580645161293,716.6096774193549,75.64838709677417,57.86129032258064,19.381290322580643,2
2016,8,2016-08-01,Theft and Handling,25176,66.37096774193549,54.877419354838715,6.529032258064516,8.009677419354839,13.122580645161293,716.6096774193549,75.64838709677417,57.86129032258064,19.381290322580643,2
2016,8,2016-08-01,Violence Against the Person,19762,66.37096774193549,54.877419354838715,6.529032258064516,8.009677419354839,13.122580645161293,716.6096774193549,75.64838709677417,57.86129032258064,19.381290322580643,2
2016,9,2016-09-01,Burglary,5280,63.46333333333334,55.60333333333334,6.366666666666667,7.32,12.386666666666668,511.60666666666674,71.40333333333334,54.806666666666665,16.717666666666666,3
2016,9,2016-09-01,Criminal Damage,5210,63.46333333333334,55.60333333333334,6.366666666666667,7.32,12.386666666666668,511.60666666666674,71.40333333333334,54.806666666666665,16.717666666666666,3
2016,9,2016-09-01,Drugs,3091,63.46333333333334,55.60333333333334,6.366666666666667,7.32,12.386666666666668,511.60666666666674,71.40333333333334,54.806666666666665,16.717666666666666,3
2016,9,2016-09-01,Other Notifiable Offences,1318,63.46333333333334,55.60333333333334,6.366666666666667,7.32,12.386666666666668,511.60666666666674,71.40333333333334,54.806666666666665,16.717666666666666,3
2016,9,2016-09-01,Robbery,1980,63.46333333333334,55.60333333333334,6.366666666666667,7.32,12.386666666666668,511.60666666666674,71.40333333333334,54.806666666666665,16.717666666666666,3
2016,9,2016-09-01,Theft and Handling,24999,63.46333333333334,55.60333333333334,6.366666666666667,7.32,12.386666666666668,511.60666666666674,71.40333333333334,54.806666666666665,16.717666666666666,3
2016,9,2016-09-01,Violence Against the Person,19534,63.46333333333334,55.60333333333334,6.366666666666667,7.32,12.386666666666668,511.60666666666674,71.40333333333334,54.806666666666665,16.717666666666666,3
2016,10,2016-10-01,Burglary,5475,52.91612903225807,46.9258064516129,5.787096774193548,5.80967741935484,10.545161290322582,811.2806451612904,60.02903225806451,46.71290322580645,32.28709677419355,8
2016,10,2016-10-01,Criminal Damage,5456,52.91612903225807,46.9258064516129,5.787096774193548,5.80967741935484,10.545161290322582,811.2806451612904,60.02903225806451,46.71290322580645,32.28709677419355,8
2016,10,2016-10-01,Drugs,3204,52.91612903225807,46.9258064516129,5.787096774193548,5.80967741935484,10.545161290322582,811.2806451612904,60.02903225806451,46.71290322580645,32.28709677419355,8
2016,10,2016-10-01,Other Notifiable Offences,1331,52.91612903225807,46.9258064516129,5.787096774193548,5.80967741935484,10.545161290322582,811.2806451612904,60.02903225806451,46.71290322580645,32.28709677419355,8
2016,10,2016-10-01,Robbery,2048,52.91612903225807,46.9258064516129,5.787096774193548,5.80967741935484,10.545161290322582,811.2806451612904,60.02903225806451,46.71290322580645,32.28709677419355,8
2016,10,2016-10-01,Theft and Handling,26303,52.91612903225807,46.9258064516129,5.787096774193548,5.80967741935484,10.545161290322582,811.2806451612904,60.02903225806451,46.71290322580645,32.28709677419355,8
2016,10,2016-10-01,Violence Against the Person,19588,52.91612903225807,46.9258064516129,5.787096774193548,5.80967741935484,10.545161290322582,811.2806451612904,60.02903225806451,46.71290322580645,32.28709677419355,8
2016,11,2016-11-01,Burglary,6066,44.57931034482758,40.189655172413794,5.855172413793103,7.024137931034482,12.379310344827584,631.0724137931034,50.65862068965518,38.389655172413804,7.012068965517241,3
2016,11,2016-11-01,Criminal Damage,5092,44.57931034482758,40.189655172413794,5.855172413793103,7.024137931034482,12.379310344827584,631.0724137931034,50.65862068965518,38.389655172413804,7.012068965517241,3
2016,11,2016-11-01,Drugs,2894,44.57931034482758,40.189655172413794,5.855172413793103,7.024137931034482,12.379310344827584,631.0724137931034,50.65862068965518,38.389655172413804,7.012068965517241,3
2016,11,2016-11-01,Other Notifiable Offences,1204,44.57931034482758,40.189655172413794,5.855172413793103,7.024137931034482,12.379310344827584,631.0724137931034,50.65862068965518,38.389655172413804,7.012068965517241,3
2016,11,2016-11-01,Robbery,1983,44.57931034482758,40.189655172413794,5.855172413793103,7.024137931034482,12.379310344827584,631.0724137931034,50.65862068965518,38.389655172413804,7.012068965517241,3
2016,11,2016-11-01,Theft and Handling,25384,44.57931034482758,40.189655172413794,5.855172413793103,7.024137931034482,12.379310344827584,631.0724137931034,50.65862068965518,38.389655172413804,7.012068965517241,3
2016,11,2016-11-01,Violence Against the Person,18441,44.57931034482758,40.189655172413794,5.855172413793103,7.024137931034482,12.379310344827584,631.0724137931034,50.65862068965518,38.389655172413804,7.012068965517241,3
2016,12,2016-12-01,Burglary,6604,44.3741935483871,42.02258064516129,4.4645161290322575,5.867741935483871,10.483870967741936,747.8,50.05483870967742,38.05483870967742,19.36709677419355,12
2016,12,2016-12-01,Criminal Damage,5276,44.3741935483871,42.02258064516129,4.4645161290322575,5.867741935483871,10.483870967741936,747.8,50.05483870967742,38.05483870967742,19.36709677419355,12
2016,12,2016-12-01,Drugs,2656,44.3741935483871,42.02258064516129,4.4645161290322575,5.867741935483871,10.483870967741936,747.8,50.05483870967742,38.05483870967742,19.36709677419355,12
2016,12,2016-12-01,Other Notifiable Offences,1171,44.3741935483871,42.02258064516129,4.4645161290322575,5.867741935483871,10.483870967741936,747.8,50.05483870967742,38.05483870967742,19.36709677419355,12
2016,12,2016-12-01,Robbery,2238,44.3741935483871,42.02258064516129,4.4645161290322575,5.867741935483871,10.483870967741936,747.8,50.05483870967742,38.05483870967742,19.36709677419355,12
2016,12,2016-12-01,Theft and Handling,25728,44.3741935483871,42.02258064516129,4.4645161290322575,5.867741935483871,10.483870967741936,747.8,50.05483870967742,38.05483870967742,19.36709677419355,12
2016,12,2016-12-01,Violence Against the Person,18782,44.3741935483871,42.02258064516129,4.4645161290322575,5.867741935483871,10.483870967741936,747.8,50.05483870967742,38.05483870967742,19.36709677419355,12
